id,price,brand,brandI,Akumuliatoriaus tipas:,Apsauga nuo per didelės iškrovos:,Apsauga nuo perkaitimo:,Apsauga nuo perkrovos:,Celių technologija:,Darbinė temperatūra:,GPS:,Išmanus įrenginys:,Kamera:,Kameros raiška:,Kategorija:,Maksimalus greitis:,ON/OFF mygtukas su LED:,Pakuotės išmatavimai ir svoris (1):,Pakuotės išmatavimai ir svoris (2):,Papildomos funkcijos:,Pardavėjas:,Pažangi įkrovimo valdymo sistema:,Prekės ID:,Prekės pakuočių kiekis:,Prekės ženklas:,Rūšis:,Skraidymo laikas:,Skrydžio stabilizacija:,Svoris:,Talpa:,Tipas:,Valdymas:,Veikimo atstumas:,Visos šio ženklo prekės:,Įtampa:
1,59.0,4Hawks,Allnoel E95 Pro,,,,,,,Yra,Taip,Taip,,Dronai,,,"0,25 x 0,2 x 0,055 m, 0,3 kg",,,onlyshop,,74869044,1 vnt.,4Hawks,"4Hawks, taip dronai",15 min.,Nenurodyta,,,Dronas,Nuotolinio valdymo pultu,350 m,Visos 4Hawks prekės,
2,33.69,,Toy 4K HD D88 E88 PRO WIFI,,,,,,,Nėra,Taip,Taip,,Dronai,-,,"0,5 x 0,5 x 0,5 m, 1 kg",,,"Švara visiems, MB, 					            Marketon, 					            StoreXO, 					            APrice, 					            SUBLIGHT VELOCITY, 					            Amos, 					            Dream Source",,67779869,1 vnt.,Nenurodyta,"Nenurodyta, taip dronai",- min.,Nenurodyta,,,Dronas,Nuotolinio valdymo pultu+VR,-,Visos Nenurodyta prekės,
3,299.99,DJI,DJI Mini 4K,,,,,,,Yra,Taip,Taip,12 Mpix,Dronai,30000 m/h,,"0,3 x 0,3 x 0,2 m, 0,5 kg",,,"Pigu.lt, 					            Megateka, 					            Kouket, 					            Galador Grupp OÜ, 					            Addmore, 					            PrimeOnline, 					            Digizone, 					            ACT TRADE SIA",,89977266,1 vnt.,DJI,"DJI, taip dronai",31 min.,Yra,249 g,,Dronas,Nuotolinio valdymo pultu,10000 m,Visos DJI prekės,
4,81.0,,Dronas E90 PRO,,,,,,,Nėra,Taip,Taip,,Dronai,-,,"0,5 x 0,5 x 0,5 m, 1 kg",,,"EasyShop, 					            Savvy",,67779924,1 vnt.,Nenurodyta,"Nenurodyta, taip dronai",- min.,Nėra,,,Dronas,"Išmaniuoju įrenginiu, 					            Nuotolinio valdymo pultu",-,Visos Nenurodyta prekės,
5,101.91,Avernus,Dronas S1S 4k UHD,,,,,,,Nenurodyta,Taip,Taip,Ultra 4K HD Mpix,Dronai,,,"0,235 x 0,085 x 0,185 m, 0,47 kg",,,Avernus Shop,,80357227,1 vnt.,Avernus,"Avernus, taip dronai",18 min.,Nenurodyta,,,Dronas,Nuotolinio valdymo pultu,500 m,Visos Avernus prekės,
6,144.0,RC,RC DRONE F9 KAMERA 6K HD GPS WIFI DIAPAZONAS 2000M,,,,,,,Yra,Taip,Taip,,Dronai,-,,"0,028 x 0,021 x 0,01 m, 0,1 kg",,,"Pigu.lt, 					            IT Plus, 					            Valomsandeli, 					            Kouket, 					            shumee, 					            ShoppingArea, 					            TOPnuolaidos LT",,59845589,1 vnt.,Rc,"Rc, taip dronai",30 min.,Yra,,2600 mAh,Dronas,Nuotolinio valdymo pultu,2000 m,Visos RC prekės,7.4 V
7,58.84,,Dronas E95 PRO 2,,,,,,,Yra,Taip,Taip,,Dronai,,,"0,4 x 0,4 x 0,4 m, 0,4 kg",,,EasyShop,,75499778,1 vnt.,Nenurodyta,"Nenurodyta, taip dronai",15 min.,Nenurodyta,,,Dronas,"Išmaniuoju įrenginiu, 					            Nuotolinio valdymo pultu",-,Visos Nenurodyta prekės,
8,43.99,Glxertvz,Sulankstomas FPV WiFi dronas su HD 4K kamera vaikams pradedantiesiems,,,,,,,Nenurodyta,Taip,Taip,,Dronai,,,"0,225 x 0,175 x 0,065 m, 0,42 kg",,,"APrice, 					            Resteq",,76588998,1 vnt.,Glxertvz,"Glxertvz, taip dronai",- min.,Nenurodyta,,,Dronas,Nuotolinio valdymo pultu,20 m,Visos Glxertvz prekės,
9,46.42,Denver electronics,Denver DCW-380,Įkraunama baterija,,,,,,Nenurodyta,Taip,Taip,,Dronai,-,,"0,198 x 0,08 x 0,195 m, 1 kg",,Wifi,"Brandberry, 					            IT Company SIA, 					            Digitooted OÜ, 					            Neoshop, 					            Minced, 					            TOPnuolaidos LT, 					            KAM Trade SIA, 					            Elaxen, 					            ALmi",,30085576,1 vnt.,Denver Electronics,"Denver Electronics, taip dronai",8 min.,Yra,,380 mAh,Dronas,Nuotolinio valdymo pultu,50 m,Visos Denver electronics prekės,3.7 V
10,94.99,,E88 100 m 1800 mAh,,,,,,,Nėra,Taip,Taip,,Dronai,,,"0,5 x 0,5 x 0,5 m, 1 kg",,,KATARATA,,85480262,1 vnt.,Nenurodyta,"Nenurodyta, taip dronai",15 min.,Yra,2500 g,,Dronas,Išmaniuoju įrenginiu,100 m,Visos Nenurodyta prekės,
11,199.0,Allnoel,Dronas E95 PRO,,,,,,,Yra,Taip,Taip,,Dronai,,,"0,35 x 0,2 x 0,2 m, 0,45 kg",,,BORGOI,,78272772,1 vnt.,Allnoel,"Allnoel, taip dronai",15 min.,Yra,120 g,,Dronas,Nuotolinio valdymo pultu,350 m,Visos Allnoel prekės,
12,39.21,StoreXO,Quadcopter,Įkraunama baterija,Taip,Taip,Taip,,,Nėra,Ne,Taip,,Dronai,-,,"0,375 x 0,34 x 0,255 m, 0,435 kg",,,"Pro Baltic, 					            StoreXO",Taip,68074421,1 vnt.,StoreXO,"StoreXO, taip dronai",10 min.,Yra,95 g,600 mAh,Dronas,Nuotolinio valdymo pultu,100 m,Visos StoreXO prekės,3.7 V
13,64.0,Cooler Stuff Co,"Dronas r/c valdomas programėle, su filmavimo funkcija",Įkraunama baterija,,,,,,Nenurodyta,Taip,Taip,,Dronai,-,,"0,29 x 0,12 x 0,25 m, 0,6 kg",,"3 greičio lygiai, 					360 laipsniu apsivertimas ore, 					Giroskopas, 					Ryškiai šviečiantis","Magy žaislai, 					            Švara visiems, MB, 					            Trendy Shop, 					            SUBLIGHT VELOCITY, 					            Dream Source",,56218248,1 vnt.,Cooler Stuff Co,"Cooler Stuff Co, taip dronai",10 min.,Yra,135 g,,Dronas,"Išmaniuoju įrenginiu, 					            Nuotolinio valdymo pultu+VR",100 m,Visos Cooler Stuff Co prekės,3.7 V
14,443.0,DJI,DJI Mini 4K Fly more Combo,,,,,,,Yra,Taip,Taip,12 Mpix,Dronai,30 m/h,,"0,3 x 0,3 x 0,2 m, 0,5 kg",,,"Pigu.lt, 					            IT Plus, 					            Galador Grupp OÜ, 					            Addmore, 					            PrimeOnline",,89977271,1 vnt.,DJI,"DJI, taip dronai",31 min.,Yra,249 g,,Dronas,Nuotolinio valdymo pultu,10000 m,Visos DJI prekės,
15,44.95,Smurf,Smurf 4K Mini,,,,,,,Nenurodyta,Ne,Taip,,Dronai,-,,"0,27 x 0,18 x 0,06 m, 0,485 kg",,,Smurf,,73561684,1 vnt.,Smurf,"Smurf, taip dronai",10 min.,Yra,,,Dronas,Nuotolinio valdymo pultu,-,Visos Smurf prekės,
16,57.99,,Dronas su kamera VR akiniai,Įkraunama baterija,,,,,,Nenurodyta,Taip,Taip,,Dronai,,,"0,5 x 0,5 x 0,31 m, 5 kg",,"Ryškiai šviečiantis, 					Wifi",AIG,,82936417,1 vnt.,Nenurodyta,"Nenurodyta, taip dronai",7 min.,Nenurodyta,95 g,,Dronas,Nuotolinio valdymo pultu+VR,-,Visos Nenurodyta prekės,
17,42.99,,Dronas 4K HD E88 PRO WIFI,,,,,,,Nenurodyta,Taip,Taip,,Dronai,,,"0,1 x 0,2 x 0,3 m, 0,2 kg",,,APrice,,77084117,1 vnt.,Nenurodyta,"Nenurodyta, taip dronai",15 min.,Nenurodyta,,,Dronas,Nuotolinio valdymo pultu,100 m,Visos Nenurodyta prekės,
18,10.8,Flexcopter,Flexcopter FX3,,,,,,,Nėra,Ne,Ne,,Dronai,,,"0,32 x 0,2 x 0,12 m, 0,4 kg",,,SDC Distribution,,19298950,1 vnt.,Flexcopter,"Flexcopter, ne dronai",8 min.,Yra,,,Dronas,Nuotolinio valdymo pultu,50 m,Visos Flexcopter prekės,
19,78.9,,Ramana family shop Dronas su kamera 4K WiFi,,,,,,,Nenurodyta,Taip,Taip,,Dronai,,,"0,4 x 0,4 x 0,3 m, 0,9 kg",,"3 greičio lygiai, 					360 laipsniu apsivertimas ore, 					Giroskopas, 					Ryškiai šviečiantis",Ramana family shop,,96066397,1 vnt.,Nenurodyta,"Nenurodyta, taip dronai",20 min.,Yra,,,Dronas,Nuotolinio valdymo pultu+VR,150 m,Visos Nenurodyta prekės,
20,69.88,,Dronas Toy 4K HD D88 E88 PRO WIFI RAMANA family shop,Įkraunama baterija,,,,,,Yra,Taip,Taip,Nenurodyta,Dronai,,,"0,5 x 0,5 x 0,5 m, 1 kg",,"3 greičio lygiai, 					360 laipsniu apsivertimas ore, 					Giroskopas, 					Ryškiai šviečiantis","Jūsų Prekės, 					            Ramana family shop",,95531117,1 vnt.,Nenurodyta,"Nenurodyta, taip dronai",15 min.,Yra,,,Dronas,Nuotolinio valdymo pultu+VR,150 m,Visos Nenurodyta prekės,
21,-1.0,Smurf,Mini RC Dronas valdomas pultu Smurf,,,,,,,Yra,Ne,Taip,,Dronai,,,"0,2 x 0,2 x 0,12 m, 0,25 kg",,,Smurf,,73302734,1 vnt.,Smurf,"Smurf, taip dronai",25 min.,Nenurodyta,,,Dronas,Nuotolinio valdymo pultu,-,Visos Smurf prekės,
22,1190.0,DJI,"Dronas DJI Avata 2 Fly More Combo, 3 baterijos",,,,,,,Yra,Ne,Taip,,Dronai,,,"1 x 1 x 1 m, 1 kg",,,"Pigu.lt, 					            PrimeOnline, 					            Digizone, 					            TechMarket",,82913055,1 vnt.,DJI,"DJI, taip dronai",23 min.,Yra,,,Dronas,Nuotolinio valdymo pultu+VR,13000 m,Visos DJI prekės,
23,33.19,Denver,Denver DRO-170,Įkraunama baterija,,,,,,Nenurodyta,Ne,Ne,,Dronai,-,,"0,2 x 0,08 x 0,2 m, 1 kg",,,"Pigu.lt, 					            Brandberry, 					            Eventure, 					            IT Company SIA, 					            Digitooted OÜ, 					            Neoshop, 					            Minced, 					            TOPnuolaidos LT, 					            StoreXO, 					            KAM Trade SIA, 					            ovolt",,30085571,1 vnt.,Denver,"Denver, ne dronai",7 min.,Yra,,600 mAh,Dronas,Riešu,30 m,Visos Denver prekės,3.7 V
24,75.19,,Dronas PRO Su dviem kameromis ir trimis baterijomis WIFI 250m 1800 mAh,,,,,,,Nenurodyta,Taip,Taip,,Dronai,-,,"0,4 x 0,6 x 0,18 m, 1,5 kg",,,"Pro Baltic, 					            Juodasis šiokiadienis, 					            EasyShop",,56009733,1 vnt.,Nenurodyta,"Nenurodyta, taip dronai",15 min.,Nenurodyta,,,Dronas,Nuotolinio valdymo pultu,250 m,Visos Nenurodyta prekės,
25,63.67,,E63 Pro 4k,,,,,,,Nėra,Taip,Taip,,Dronai,,,"0,2 x 0,12 x 0,06 m, 0,4 kg",,,Avernus Shop,,84182897,1 vnt.,Nenurodyta,"Nenurodyta, taip dronai",20 min.,Nenurodyta,,,Dronas,Nuotolinio valdymo pultu,250 m,Visos Nenurodyta prekės,
26,139.93,RC,RC Drone Syma Z6PRO,,,,,,,Yra,Taip,Taip,,Dronai,-,,"0,43 x 0,22 x 0,23 m, 5 kg",,,"Pigu.lt, 					            Valomsandeli, 					            Kouket, 					            Urmo Kaina, 					            shumee, 					            ShoppingArea, 					            TOPnuolaidos LT",,69780416,1 vnt.,Rc,"Rc, taip dronai",25 min.,Nėra,,,Dronas,Išmaniuoju įrenginiu,450 m,Visos RC prekės,
27,79.9,,"Dronas r/c valdomas programėle, su filmavimo funkcija , 2 baterijos 3.7V Ramana family shop",,,,,,,Nenurodyta,Taip,Taip,,Dronai,,,"0,5 x 0,4 x 0,5 m, 1 kg",,"3 greičio lygiai, 					360 laipsniu apsivertimas ore, 					Giroskopas",Ramana family shop,,95807757,1 vnt.,Nenurodyta,"Nenurodyta, taip dronai",15 min.,Yra,,,Dronas,Nuotolinio valdymo pultu+VR,100 m,Visos Nenurodyta prekės,
28,24.59,JJR/C,JJRC H36 Mini 2.4,,,,,,,Nenurodyta,Ne,Ne,,Dronai,-,,"0,01 x 0,01 x 0,01 m, 1 kg",,,"Valomsandeli, 					            Kouket, 					            Urmo Kaina, 					            ShoppingArea, 					            Pliuskis, 					            TOPnuolaidos LT",,45459203,1 vnt.,JJRC,"JJRC, ne dronai",5 min.,Nenurodyta,,,Dronas,Nuotolinio valdymo pultu,30 m,Visos JJR/C prekės,
29,306.76,DJI,DJI Mini 2 SE,Įkraunama baterija,,,,Li-Polymer,5 °C - 40 °C,Yra,Taip,Taip,12 Mpix,Dronai,57600 m/h,,"0,2 x 0,1 x 0,1 m, 0,9 kg",,,"Addmore, 					            Klevera, 					            ShoppingArea, 					            ACT TRADE SIA",,70007131,1 vnt.,DJI,"DJI, taip dronai",31 min.,Yra,249 g,2250 mAh,Dronas,Nuotolinio valdymo pultu,10000 m,Visos DJI prekės,7.7 V
30,39.99,,Drone 4K UHD E88 Pro,Įkraunama baterija,,,,,,Yra,Taip,Taip,Ultra 4K HD Mpix,Dronai,,Yra,"0,125 x 0,81 x 0,53 m, 0,38 kg",,"360 laipsniu apsivertimas ore, 					LED lemputes, 					Wifi",Yogasuper,,93290317,1 vnt.,Nenurodyta,"Nenurodyta, taip dronai",15 min.,Nenurodyta,381 g,,Dronas,"Išmaniuoju įrenginiu, 					            Nuotolinio valdymo pultu",150 m,Visos Nenurodyta prekės,
31,511.0,DJI,DJI Mini 3,,,,,,,Yra,Ne,Taip,,Dronai,,,"1 x 1 x 1 m, 1 kg",,,"Pigu.lt, 					            Galador Grupp OÜ, 					            Addmore, 					            PrimeOnline",,82380905,1 vnt.,DJI,"DJI, taip dronai",38 min.,Nenurodyta,,,Dronas,Nuotolinio valdymo pultu,12000 m,Visos DJI prekės,
32,67.88,,Dronas Toy 4K hd D88 E88 Pro wifi,Įkraunama baterija,,,,,,Yra,Taip,Taip,,Dronai,,,"0,5 x 0,5 x 0,5 m, 1 kg",,"3 greičio lygiai, 					360 laipsniu apsivertimas ore, 					Giroskopas","Jūsų Prekės, 					            Ramana family shop",Taip,95538412,1 vnt.,Nenurodyta,"Nenurodyta, taip dronai",15 min.,Yra,,,Dronas,Nuotolinio valdymo pultu+VR,150 m,Visos Nenurodyta prekės,
33,138.74,,"Puikus greitas, manevringas dronas su GPS ir įmontuota internetinė kamera",,,,,,,Yra,Taip,Taip,,Dronai,-,,"0,2 x 0,2 x 0,2 m, 0,4 kg",,,"Belsi LT, 					            Juodasis šiokiadienis, 					            EasyShop",,60144739,1 vnt.,Nenurodyta,"Nenurodyta, taip dronai",25 min.,Yra,,,Dronas,Nenurodyta,2000 m,Visos Nenurodyta prekės,
34,94.9,,"Dronas r/c valdomas programėle, su filmavimo funkcija , 2 baterijos 3.7V Ramana family shop",,,,,,,Nenurodyta,Taip,Taip,,Dronai,,,"0,29 x 0,1 x 0,24 m, 1 kg",,"3 greičio lygiai, 					360 laipsniu apsivertimas ore, 					Giroskopas",Ramana family shop,,95807762,1 vnt.,Nenurodyta,"Nenurodyta, taip dronai",20 min.,Yra,,,Dronas,Nuotolinio valdymo pultu+VR,100 m,Visos Nenurodyta prekės,3.7 V
35,34.99,Smurf,Smurf Mini,,,,,,,Nėra,Ne,Taip,,Dronai,-,,"0,15 x 0,06 x 0,2 m, 0,21 kg",,,Smurf,,73497939,1 vnt.,Smurf,"Smurf, taip dronai",8 min.,Yra,,500 mAh,Dronas,Išmaniuoju įrenginiu,-,Visos Smurf prekės,
36,10.29,,Skraidantis dronas - kamuolys,,,,,,,Nėra,Ne,Ne,,Dronai,-,,"0,1 x 0,1 x 0,1 m, 1,266 kg",,,Pigiau123,,53713744,1 vnt.,Nenurodyta,"Nenurodyta, ne dronai",9 min.,Nenurodyta,85 g,,Dronas,Nenurodyta,-,Visos Nenurodyta prekės,
37,26.09,E88,E88 Pro Drone,,,,,,,Nenurodyta,Taip,Taip,,Dronai,,,"0,4 x 0,6 x 0,18 m, 1,5 kg",,,"Pigu.lt, 					            Kouket, 					            ABC Žaislai",,92003055,1 vnt.,E88,"E88, taip dronai",15 min.,Nėra,,1800 mAh,Dronas,Nuotolinio valdymo pultu,-,Visos E88 prekės,
38,433.0,DJI,DJI Mini 2 SE Fly More Combo,,,,,,,Yra,Ne,Taip,,Dronai,,,"0,2 x 0,2 x 0,15 m, 0,2 kg",,,"Pigu.lt, 					            Galador Grupp OÜ, 					            Addmore, 					            PrimeOnline, 					            Digizone",,80419235,1 vnt.,DJI,"DJI, taip dronai",31 min.,Yra,,,Dronas,Nuotolinio valdymo pultu,6000 m,Visos DJI prekės,
39,19.31,MJX,MJX X600,,,,,,,Nėra,Ne,Ne,,Dronai,,,"0,4 x 0,34 x 0,13 m, 0,9 kg",,,SDC Distribution,,94586922,1 vnt.,MJX,"MJX, ne dronai",10 min.,Yra,,,Dronas,Nuotolinio valdymo pultu,100 m,Visos MJX prekės,
40,31.9,No name,E88 PRO HD Headless 2.4 Ghz Furniture 1600 mAh,,,,,,,Yra,Taip,Taip,720 Mpix,Dronai,,,"0,2 x 0,25 x 0,1 m, 0,4 kg",,,north_ecommerce,,86733952,1 vnt.,No name,"No name, taip dronai",10 min.,Yra,,,Dronas,Nuotolinio valdymo pultu,100 m,Visos No name prekės,
41,98.99,Vwinget,P5 dronas 4K,,,,,,,Yra,Taip,Taip,,Dronai,-,,"0,26 x 0,2 x 0,09 m, 0,4 kg","0,26 x 0,19 x 0,08 m, 0,34 kg",,Nekada,,49252634,2 vnt.,Vwinget,"Vwinget, taip dronai",20 min.,Yra,,,Dronas,Nenurodyta,100 m,Visos Vwinget prekės,
42,66.75,Syma,Syma Z3,,,,,,,Nenurodyta,Ne,Taip,,Dronai,-,,"0,23 x 0,37 x 0,09 m, 1,08 kg",,,"Pigu.lt, 					            IT Plus, 					            Valomsandeli, 					            Kouket, 					            Urmo Kaina, 					            shumee, 					            ShoppingArea, 					            TOPnuolaidos LT, 					            Eshop24",,49298724,1 vnt.,Syma,"Syma, taip dronai",7 min.,Yra,,,Dronas,Nuotolinio valdymo pultu,80 m,Visos Syma prekės,
43,55.92,Avernus,Dronas E99 Pro,,,,,,,Nėra,Ne,Taip,,Dronai,,,"0,2 x 0,15 x 0,8 m, 0,4 kg",,,Avernus Shop,,82343372,1 vnt.,Avernus,"Avernus, taip dronai",20 min.,Yra,,,Dronas,Nuotolinio valdymo pultu,200 m,Visos Avernus prekės,
44,33.95,Jokomisiada,Jokomisiada RC0657,,,,,,,Nenurodyta,Ne,Taip,,Dronai,,,"0,19 x 0,16 x 0,07 m, 0,43 kg",,,"Valomsandeli, 					            EcoAkadis, 					            ABC Žaislai, 					            Vitalimax, 					            Eshop24",,94446823,1 vnt.,Jokomisiada,"Jokomisiada, taip dronai",20 min.,Nenurodyta,,,Dronas,Nuotolinio valdymo pultu,60 m,Visos Jokomisiada prekės,
45,178.99,Lenovo,Lenovo G6Pro UAV,Įkraunama baterija,Taip,Taip,Taip,Li-Polymer,,Yra,Taip,Taip,Ultra 4K HD Mpix,Dronai,-,Yra,"0,25 x 0,25 x 0,1 m, 1,2 kg",,3 greičio lygiai,Nekada,,74156876,1 vnt.,Lenovo,"Lenovo, taip dronai",20 min.,Yra,- g,1800 mAh,Dronas,Nuotolinio valdymo pultu,5000 m,Visos Lenovo prekės,
46,998.64,,SG908 MAX,,,,,,,Yra,Taip,Taip,,Dronai,,,"0,1 x 0,1 x 0,1 m, 0,3 kg",,,Juodasis šiokiadienis,,86157652,1 vnt.,Nenurodyta,"Nenurodyta, taip dronai",30 min.,Yra,,,Dronas,Išmaniuoju įrenginiu,7000 m,Visos Nenurodyta prekės,
47,59.98,,Syma X23W 2.4,,,,,,,Nenurodyta,Taip,Taip,Nenurodyta,Dronai,-,,"0,27 x 0,445 x 0,08 m, 0,72 kg",,,Urmo Kaina,,49297724,1 vnt.,Nenurodyta,"Nenurodyta, taip dronai",8 min.,Yra,,,Dronas,Nuotolinio valdymo pultu,20 m,Visos Nenurodyta prekės,
48,601.9,DJI,DJI Mini 3 su DJI RC nuotolinio valdymo pulteliu,,,,,,,Yra,Taip,Taip,,Dronai,-,,"0,19 x 0,15 x 0,13 m, 0,93 kg",,,ACT TRADE SIA,,68608741,1 vnt.,DJI,"DJI, taip dronai",41 min.,Yra,,,Dronas,Nuotolinio valdymo pultu,6000 m,Visos DJI prekės,
49,63.23,Syma,"Syma dronas X23W su kamera, Baltos spalvos",,,,,,,Nėra,Taip,Taip,,Dronai,14400 m/h,,"0,44 x 0,26 x 0,08 m, 0,5 kg",,,Urmo Kaina,,64379588,1 vnt.,Syma,"Syma, taip dronai",7 min.,Yra,,,Dronas,Nuotolinio valdymo pultu,70 m,Visos Syma prekės,
50,196.11,Little Tikes,KY102,,,,,,,Yra,Taip,Taip,,Dronai,,,"0,25 x 0,25 x 0,25 m, 2 kg",,,Akero lab,,81664350,1 vnt.,Little Tikes,"Little Tikes, taip dronai",12 min.,Yra,,,Dronas,Nuotolinio valdymo pultu,300 m,Visos Little Tikes prekės,
51,145.6,JJR/C,F6 GPS 4K FPV,,,,,,,Yra,Taip,Taip,,Dronai,10000 m/h,,"0,2 x 0,18 x 0,1 m, 0,8 kg",,,Nekada,,53227189,1 vnt.,JJRC,"JJRC, taip dronai",25 min.,Yra,,,Dronas,Išmaniuoju įrenginiu,-,Visos JJR/C prekės,
52,199.82,,"Dronas STONE RC PRO su dviem aukštos kokybės kameromis ir trimis baterijomis, 300 m, 2500 mAh",,,,,,,Nenurodyta,Taip,Taip,,Dronai,18000 m/h,,"0,032 x 0,032 x 0,06 m, 0,7 kg",,,"Belsi LT, 					            Juodasis šiokiadienis",,56234368,1 vnt.,Nenurodyta,"Nenurodyta, taip dronai",60 min.,Yra,,,Dronas,Nuotolinio valdymo pultu,300 m,Visos Nenurodyta prekės,
53,105.37,4drc,4DRC 4D-V27,,,,,,,Nenurodyta,Taip,Taip,,Dronai,,,"0,41 x 0,27 x 0,15 m, 1 kg",,,"Belsi LT, 					            Juodasis šiokiadienis",,75217873,1 vnt.,4drc,"4drc, taip dronai",15 min.,Yra,,,Dronas,"Išmaniuoju įrenginiu, 					            Nuotolinio valdymo pultu",-,Visos 4drc prekės,
54,775.0,DJI,DJI Mini 4 Pro RC-N2,Įkraunama baterija,,,,Li-Polymer,5 °C - 40 °C,Yra,Taip,Taip,Ultra 4K HD Mpix,Dronai,57600 m/h,,"0,2 x 0,1 x 0,1 m, 1,1 kg",,,"Elektronika Internetu, 					            VEFabrika SIA, 					            Addmore, 					            Digizone, 					            Proshop lt, 					            TechMarket",,76056957,1 vnt.,DJI,"DJI, taip dronai",34 min.,Yra,275 g,2600 mAh,Dronas,Nuotolinio valdymo pultu,17000 m,Visos DJI prekės,7.4 V
55,289.01,,"Dronas (GPS , Wi-Fi 2000 m.)",,,,,,,Yra,Taip,Taip,,Dronai,-,,"0,2 x 0,2 x 0,12 m, 0,4 kg",,,Juodasis šiokiadienis,,85993712,1 vnt.,Nenurodyta,"Nenurodyta, taip dronai",- min.,Yra,,,Dronas,Išmaniuoju įrenginiu,-,Visos Nenurodyta prekės,
56,64.99,,Dronas,,,,,,,Yra,Taip,Taip,,Dronai,,,"0,5 x 0,5 x 0,5 m, 0,5 kg",,,"Trading MB, 					            EasyShop",,82250097,1 vnt.,Nenurodyta,"Nenurodyta, taip dronai",15 min.,Yra,,,Dronas,Nuotolinio valdymo pultu,100 m,Visos Nenurodyta prekės,
57,56.8,FPV,FPV E88,,,,,,,Nenurodyta,Ne,Taip,,Dronai,,,"0,24 x 0,15 x 0,07 m, 0,465 kg",,,"Pro Baltic, 					            Minced, 					            StoreXO",,74898571,1 vnt.,FPV,"FPV, taip dronai",20 min.,Nenurodyta,,,Dronas,"Išmaniuoju įrenginiu, 					            Nuotolinio valdymo pultu",-,Visos FPV prekės,
58,34.93,Bewin,E88 Pro 4k HD,Įkraunama baterija,,,,,,Yra,Taip,Taip,Ultra 4K HD Mpix,Dronai,,,"0,2 x 0,2 x 0,02 m, 0,1 kg",,,"Avernus Shop, 					            Švara visiems, MB, 					            Jūsų Prekės",,76968832,1 vnt.,Bewin,"Bewin, taip dronai",15 min.,Yra,,1800 mAh,Dronas,Nuotolinio valdymo pultu,1000 m,Visos Bewin prekės,
59,215.0,Overmax,Overmax X-BEE 9.5,Įkraunama baterija,,,,,,Yra,Taip,Taip,,Dronai,-,,"0,4 x 0,6 x 0,18 m, 1,5 kg",,"Giroskopas, 					LED lemputes","Pigu.lt, 					            Pro Baltic, 					            KATARATA, 					            VMA PLUS Sp. z o.o., 					            EasyShop",,47574017,1 vnt.,Overmax,"Overmax, taip dronai",20 min.,Yra,410 g,2420 mAh,Dronas,Nuotolinio valdymo pultu,300 m,Visos Overmax prekės,
60,279.29,,F6 PRO 4DRC,,,,,,,Yra,Taip,Taip,Ultra 4K HD Mpix,Dronai,,,"0,1 x 0,1 x 0,1 m, 0,2 kg",,,Belsi LT,,75021458,1 vnt.,Nenurodyta,"Nenurodyta, taip dronai",30 min.,Yra,,,Dronas,Išmaniuoju įrenginiu,500 m,Visos Nenurodyta prekės,
61,4.49,,Skraidantis disco LED kamuoliukas su jutikliu,,,,,,,Nėra,Ne,Nenurodyta,,Dronai,-,,"0,02 x 0,02 x 0,01 m, 1 kg",,,"Pramo prekyba, 					            Kinders, 					            DAR IR DAR",,50743794,1 vnt.,Nenurodyta,,- min.,Nėra,,,Dronas,Nenurodyta,-,Visos Nenurodyta prekės,
62,58.78,Syma,Syma X5HW,,,,,,,Nenurodyta,Ne,Taip,,Dronai,-,,"0,4 x 0,4 x 0,2 m, 1 kg",,,Urmo Kaina,,38795893,1 vnt.,Syma,"Syma, taip dronai",50 min.,Yra,200 g,,Dronas,"Išmaniuoju įrenginiu, 					            Nuotolinio valdymo pultu",130 m,Visos Syma prekės,
63,-1.0,Denver,Denver DRO-120,,,,,,,Nėra,Ne,Ne,,Dronai,-,,"0,3 x 0,27 x 0,24 m, 1,266 kg",,,Viskasnamams COM,,24083345,1 vnt.,Denver,"Denver, ne dronai",6 min.,Nenurodyta,212 g,,Dronas,Nuotolinio valdymo pultu,20 m,Visos Denver prekės,3.7 V
64,125.27,Syma,Syma Z4W,,,,,,,Nenurodyta,Taip,Taip,,Dronai,-,,"0,32 x 0,17 x 0,09 m, 0,48 kg",,,Minced,,45459533,1 vnt.,Syma,"Syma, taip dronai",10 min.,Nenurodyta,,,Dronas,Nuotolinio valdymo pultu,30 m,Visos Syma prekės,
65,909.86,DJI,DJI CP.MA.00000312.03,,,,,,,Nenurodyta,Ne,Taip,12 Mpix,Dronai,57600 m/h,,"0,06 x 0,3 x 0,3 m, 0,3 kg",,,VMA PLUS Sp. z o.o.,,37302148,1 vnt.,DJI,"DJI, taip dronai",31 min.,Yra,249 g,2250 mAh,Dronas,Nenurodyta,-,Visos DJI prekės,7.7 V
66,770.4,DJI,DJI Mini 2 Fly More Combo,,,,,,,Yra,Taip,Taip,12 Mpix,Dronai,-,,"0,26 x 0,19 x 0,14 m, 1,62 kg",,,"VMA PLUS Sp. z o.o., 					            Minced",,34361456,1 vnt.,DJI,"DJI, taip dronai",31 min.,Nenurodyta,,,Dronas,Nuotolinio valdymo pultu,-,Visos DJI prekės,
67,1024.05,DJI,DJI Mini 3 Fly More Combo su DJI RC nuotolinio valdymo pulteliu,,,,,,,Nenurodyta,Ne,Taip,,Dronai,-,,"0,24 x 0,2 x 0,14 m, 1,49 kg",,,"KATARATA, 					            Minced",,65283508,1 vnt.,DJI,"DJI, taip dronai",46 min.,Nenurodyta,,2453 mAh,Dronas,Nuotolinio valdymo pultu,6000 m,Visos DJI prekės,
68,117.37,Tarot,Tarot,,,,,,,Yra,Taip,Taip,,Dronai,,,"0,25 x 0,25 x 0,25 m, 2 kg",,,Akero lab,,84303570,1 vnt.,Tarot,"Tarot, taip dronai",12 min.,Yra,,,Dronas,Nuotolinio valdymo pultu,30 m,Visos Tarot prekės,
69,1047.99,Fimi,Fimi X8 Mini FMWRJ04A7,Įkraunama baterija,,,,,,Yra,Ne,Taip,,Dronai,16 m/h,,"0,01 x 0,07 x 0,08 m, 0,35 kg",,Wifi,KATARATA,,47674502,1 vnt.,Fimi,"Fimi, taip dronai",30 min.,Yra,,2400 mAh,Dronas,Nuotolinio valdymo pultu,8000 m,Visos Fimi prekės,
70,146.99,Denver,Denver DRB-220,,,,,,,Nėra,Ne,Ne,,Dronai,-,,"0,4 x 0,6 x 0,18 m, 1,5 kg",,360 laipsniu apsivertimas ore,KATARATA,,48011757,1 vnt.,Denver,"Denver, ne dronai",6 min.,Nėra,,,Dronas,Nuotolinio valdymo pultu,30 m,Visos Denver prekės,
71,132.55,,S1S,,,,,,,Nenurodyta,Taip,Taip,Nenurodyta,Dronai,,,"0,5 x 0,5 x 0,5 m, 1 kg",,,EasyShop,,75123308,1 vnt.,Nenurodyta,"Nenurodyta, taip dronai",- min.,Nenurodyta,,,Dronas,Išmaniuoju įrenginiu,-,Visos Nenurodyta prekės,
72,63.41,Idea,Idea 12 RC FPV,,,,,,,Nenurodyta,Ne,Taip,,Dronai,,,"1 x 2 x 2 m, 1 kg","1 x 2 x 2 m, 1 kg",,Eshop24,,82136500,2 vnt.,Idea,"Idea, taip dronai",14 min.,Nenurodyta,,,Dronas,Nuotolinio valdymo pultu,-,Visos Idea prekės,
73,286.93,Ryze Tech,Ryze Tech Tello Toy,,,,,,,Nėra,Taip,Taip,,Dronai,28 m/h,,"0,098 x 0,092 x 0,092 m, 0,24 kg",,,Pro Baltic,,21979335,1 vnt.,Ryze Tech,"Ryze Tech, taip dronai",13 min.,Yra,80 g,1300 mAh,Dronas,Išmaniuoju įrenginiu,100 m,Visos Ryze Tech prekės,
74,877.0,DJI,DJI CP.MA.00000359.01,,,,,,0 - 40 ºC,Yra,Ne,Taip,20 Mpix,Dronai,19 m/h,,"0,4 x 0,6 x 0,18 m, 1,5 kg",,,"Pigu.lt, 					            Brandberry, 					            IT Company SIA, 					            Neoshop, 					            TOPnuolaidos LT",,39963033,1 vnt.,DJI,"DJI, taip dronai",31 min.,Yra,595 g,3500 mAh,Dronas,Nuotolinio valdymo pultu,12000 m,Visos DJI prekės,11.55 V
75,32.42,Syma,Syma Z5,,,,,,,Nėra,Ne,Ne,,Dronai,-,,"0,29 x 0,14 x 0,08 m, 0,54 kg",,,"IT Plus, 					            Valomsandeli, 					            Kouket, 					            Vaikų rojus, 					            shumee, 					            EasyShop, 					            ShoppingArea, 					            Minced, 					            Pliuskis, 					            TOPnuolaidos LT, 					            Eshop24",,45459643,1 vnt.,Syma,"Syma, ne dronai",10 min.,Nėra,,,Dronas,Nuotolinio valdymo pultu,30 m,Visos Syma prekės,
76,242.35,JJR/C,"RG101 UAV dronas GPS,",,,,,,,Yra,Taip,Taip,,Dronai,-,,"0,25 x 0,2 x 0,09 m, 1,2 kg",,,Nekada,,53520314,1 vnt.,JJRC,"JJRC, taip dronai",25 min.,Yra,,,Dronas,Išmaniuoju įrenginiu,1000 m,Visos JJR/C prekės,
77,39.8,,Dronas E88 Pro,,,,,,,Yra,Ne,Taip,,Dronai,,,"0,1 x 0,2 x 0,3 m, 0,2 kg",,,"Švara visiems, MB, 					            APrice",,74823359,1 vnt.,Nenurodyta,"Nenurodyta, taip dronai",- min.,Nenurodyta,,,Dronas,Nenurodyta,-,Visos Nenurodyta prekės,
78,60.76,,E95 Pro,,,,,,,Nenurodyta,Taip,Nenurodyta,,Dronai,,,"0,5 x 0,4 x 0,5 m, 2 kg",,,EasyShop,,75598438,1 vnt.,Nenurodyta,,15 min.,Nenurodyta,,,Dronas,Nuotolinio valdymo pultu,-,Visos Nenurodyta prekės,
79,87.18,998Pro,998 PRO 720 HD Camera Wifi,,Taip,,Taip,,,Nėra,Taip,Taip,720 Mpix,Dronai,20 m/h,,"0,19 x 0,19 x 0,07 m, 0,45 kg",,,"Pro Baltic, 					            Minced, 					            StoreXO",,67388554,1 vnt.,998Pro,"998Pro, taip dronai",15 min.,Yra,336 g,,Dronas,"Išmaniuoju įrenginiu, 					            Nuotolinio valdymo pultu",100 m,Visos 998Pro prekės,
80,40.0,JJR/C,Dronas JJRC H107 su HD WIFI kamera ir galingais skydais,,,,,,,Nėra,Taip,Taip,,Dronai,,,"0,2 x 0,05 x 0,1 m, 0,8 kg",,,Handloteka,,75271628,1 vnt.,JJRC,"JJRC, taip dronai",8 min.,Nenurodyta,,,Dronas,Nenurodyta,100 m,Visos JJR/C prekės,
81,53.55,Syma,Syma X5HW,,,,,,,Nenurodyta,Taip,Taip,0.3 Mpix,Dronai,,,"0,2 x 0,1 x 0,06 m, 0,45 kg",,,"Urmo Kaina, 					            Pliuskis",,90633230,1 vnt.,Syma,"Syma, taip dronai",7 min.,Yra,,,Dronas,Nenurodyta,50 m,Visos Syma prekės,
82,79.99,Hikari,Hikari Evo E88,,,,,,,Nenurodyta,Taip,Taip,,Dronai,,,"0,4 x 0,4 x 0,4 m, 0,4 kg",,,Trading MB,,93430182,1 vnt.,Hikari,"Hikari, taip dronai",15 min.,Nenurodyta,,,Dronas,Nuotolinio valdymo pultu,200 m,Visos Hikari prekės,
83,36.3,UAV,2024 E88Pro RC Drone 4K Professinal,,,,,,,Nėra,Taip,Taip,Ultra 4K HD Mpix,Dronai,,,"0,2 x 0,15 x 0,06 m, 0,15 kg",,,,,101088276,1 vnt.,UAV,"UAV, taip dronai",15 min.,Yra,100 g,,Dronas,"Išmaniuoju įrenginiu, 					            Nuotolinio valdymo pultu",100 m,Visos UAV prekės,
84,1476.4,DJI,DJI Mavic Air 2 Combo DJI Care Bundle,,,,,,,Yra,Taip,Taip,,Dronai,68 m/h,,"0,4 x 0,6 x 0,18 m, 1,5 kg",,,Minced,,56559613,1 vnt.,DJI,"DJI, taip dronai",34 min.,Yra,,,Dronas,Nuotolinio valdymo pultu,10000 m,Visos DJI prekės,
85,54.45,ThreeFire,ThreeFire V888,,,,,,,Nenurodyta,Taip,Taip,,Dronai,,,"0,22 x 0,072 x 0,175 m, 0,6 kg",,,ThreeFire,,107608111,1 vnt.,ThreeFire,"ThreeFire, taip dronai",- min.,Yra,600 g,,Dronas,Nuotolinio valdymo pultu,80 m,Visos ThreeFire prekės,
86,54.73,Airi,Airi kvadrakopteris HD,,,,,,,Yra,Taip,Taip,,Dronai,-,,"0,415 x 0,38 x 0,265 m, 0,33 kg",,,Mūsų rūpestis,,64347198,1 vnt.,Airi,"Airi, taip dronai",- min.,Yra,,,Dronas,Išmaniuoju įrenginiu,-,Visos Airi prekės,
87,74.75,,TXD-8SL,Įkraunama baterija,,,,,,Nėra,Taip,Taip,,Dronai,,,"0,28 x 0,185 x 0,11 m, 0,495 kg",,,"Medvalda, 					            La Bella, 					            ANEO shop",,78705127,1 vnt.,Nenurodyta,"Nenurodyta, taip dronai",20 min.,Yra,,,Dronas,"Išmaniuoju įrenginiu, 					            Nuotolinio valdymo pultu",120 m,Visos Nenurodyta prekės,
88,2066.0,DJI,DJI Mavic 3 Pro (DJI RC) Professional,,,,,,,Yra,Ne,Taip,,Dronai,-,,"0,28 x 0,25 x 0,23 m, 1 kg",,,"Pigu.lt, 					            PrimeOnline, 					            Minced, 					            TechMarket",,71467776,1 vnt.,DJI,"DJI, taip dronai",43 min.,Yra,,,Dronas,Nuotolinio valdymo pultu,6000 m,Visos DJI prekės,
89,210.64,Syma,Syma Z6,,,,,,,Yra,Taip,Taip,,Dronai,-,,"0,3 x 0,2 x 0,3 m, 1 kg",,,"Urmo Kaina, 					            Pro Baltic",,37869888,1 vnt.,Syma,"Syma, taip dronai",27 min.,Nenurodyta,,1700 mAh,Dronas,"Išmaniuoju įrenginiu, 					            Nuotolinio valdymo pultu",350 m,Visos Syma prekės,
90,200.58,Inny,Inny XS816,,,,,,,Nenurodyta,Ne,Taip,720 Mpix,Dronai,-,,"0,4 x 0,18 x 0,6 m, 1,5 kg",,,"Pro Baltic, 					            EasyShop, 					            Minced",,38796228,1 vnt.,Inny,"Inny, taip dronai",21 min.,Nenurodyta,- g,,Dronas,"Išmaniuoju įrenginiu, 					            Nuotolinio valdymo pultu",100 m,Visos Inny prekės,
91,41.79,Syma,Syma X26 2,,,,,,,Nenurodyta,Ne,Ne,,Dronai,-,,"0,35 x 0,21 x 0,08 m, 0,45 kg",,,"Urmo Kaina, 					            EasyShop",,49508618,1 vnt.,Syma,"Syma, ne dronai",6 min.,Nėra,,,Dronas,Nuotolinio valdymo pultu,70 m,Visos Syma prekės,
92,101.19,Syma,Syma Z4,,,,,,,Nėra,Ne,Ne,,Dronai,-,,"0,32 x 0,17 x 0,09 m, 0,46 kg",,,Minced,,45459628,1 vnt.,Syma,"Syma, ne dronai",10 min.,Nėra,,,Dronas,Nuotolinio valdymo pultu,30 m,Visos Syma prekės,
93,141.94,Syma,Syma X5C 2,,,,,,,Nenurodyta,Ne,Taip,,Dronai,-,,"0,4 x 0,4 x 0,4 m, 1,4 kg",,,"KATARATA, 					            Belsi LT, 					            EasyShop, 					            Minced",,50472979,1 vnt.,Syma,"Syma, taip dronai",7 min.,Yra,,,Dronas,Nuotolinio valdymo pultu,50 m,Visos Syma prekės,
94,118.99,Syma,Syma X23W-BLK,,,,,,,Nenurodyta,Ne,Taip,,Dronai,-,,"0,44 x 0,08 x 0,26 m, 0,58 kg",,,Urmo Kaina,,24629650,1 vnt.,Syma,"Syma, taip dronai",- min.,Nenurodyta,,,Dronas,Nuotolinio valdymo pultu,-,Visos Syma prekės,
95,1031.31,Autel,Dronas Autel 102000767,,,,,,,Nenurodyta,Ne,Nenurodyta,,Dronai,-,,"0,28 x 0,25 x 0,23 m, 1 kg",,,VMA PLUS Sp. z o.o.,,49440313,1 vnt.,Autel,,- min.,Nenurodyta,,,Dronas,Nenurodyta,-,Visos Autel prekės,
96,76.99,Syma,Syma X15A-BLK,,,,,,,Nenurodyta,Ne,Nenurodyta,,Dronai,Nenurodyta m/h,,"0,28 x 0,25 x 0,23 m, 1 kg",,,Urmo Kaina,,33856056,1 vnt.,Syma,,- min.,Nenurodyta,,,Dronas,Nenurodyta,-,Visos Syma prekės,
97,52.99,Syma,Syma X23-WHT,,,,,,,Nėra,Ne,Ne,Nenurodyta,Dronai,-,,"0,4 x 0,6 x 0,18 m, 1,5 kg",,,Urmo Kaina,,32479916,1 vnt.,Syma,"Syma, ne dronai",8 min.,Nėra,,500 mAh,Dronas,Nenurodyta,25 m,Visos Syma prekės,
98,903.89,DJI,DJI Mini 3 Pro Consumer CP.MA.00000485.01,,,,,,,Yra,Taip,Taip,,Dronai,-,,"0,18 x 0,1 x 0,14 m, 0,14 kg",,,Minced,,61504578,1 vnt.,DJI,"DJI, taip dronai",- min.,Nenurodyta,,,Dronas,Nenurodyta,-,Visos DJI prekės,
99,27.49,extralink,ExtraLink E99 Pro,,,,,,,Nenurodyta,Ne,Taip,,Dronai,,,"0,4 x 0,6 x 0,18 m, 1,5 kg",,,"Pigu.lt, 					            Kouket, 					            ABC Žaislai, 					            Avesa Trade",,101410082,1 vnt.,ExtraLink,"ExtraLink, taip dronai",45 min.,Nenurodyta,,,Dronas,Nuotolinio valdymo pultu,-,Visos extralink prekės,
100,24.59,JJR/C,JJRC H36 Mini 2.4,,,,,,,Nenurodyta,Ne,Ne,,Dronai,-,,"0,01 x 0,01 x 0,01 m, 1 kg",,,"Valomsandeli, 					            Kouket, 					            EasyShop, 					            ShoppingArea, 					            Pliuskis, 					            TOPnuolaidos LT, 					            Eshop24",,45459573,1 vnt.,JJRC,"JJRC, ne dronai",5 min.,Nenurodyta,,,Dronas,Nuotolinio valdymo pultu,30 m,Visos JJR/C prekės,
101,1725.52,Autel,"Dronas Autel EVO Lite, CMOS 1"", 20 MP",,,,,,,Nenurodyta,Taip,Taip,,Dronai,-,,"0,28 x 0,25 x 0,23 m, 2 kg",,,VMA PLUS Sp. z o.o.,,49264389,1 vnt.,Autel,"Autel, taip dronai",- min.,Yra,,,Dronas,Nuotolinio valdymo pultu,-,Visos Autel prekės,
102,1602.66,DJI,DJI Mavic 3 Classic,,,,,,,Yra,Ne,Taip,,Dronai,-,,"0,27 x 0,14 x 0,19 m, 2,06 kg",,,ACT TRADE SIA,,66118163,1 vnt.,DJI,"DJI, taip dronai",46 min.,Nenurodyta,,,Dronas,Nuotolinio valdymo pultu,-,Visos DJI prekės,
103,25.52,Syma,Syma X20P RTF 360,,,,,,,Nėra,Ne,Ne,,Dronai,-,,"0,02 x 0,02 x 0,01 m, 0,8 kg",,,"Valomsandeli, 					            Kouket, 					            ShoppingArea, 					            Pliuskis, 					            TOPnuolaidos LT",,45459833,1 vnt.,Syma,"Syma, ne dronai",5 min.,Nėra,,,Dronas,Nuotolinio valdymo pultu,20 m,Visos Syma prekės,
104,54.61,Syma,Syma X15A-WHT,,,,,,,Nenurodyta,Ne,Nenurodyta,,Dronai,-,,"0,36 x 0,21 x 0,08 m, 0,43 kg",,,Klevera,,32892606,1 vnt.,Syma,,11 min.,Nenurodyta,,,Dronas,Nenurodyta,-,Visos Syma prekės,
105,278.19,,K80Air 2S GPS 5G 4K,,,,,,,Yra,Taip,Taip,,Dronai,-,,"0,35 x 0,3 x 0,15 m, 1,5 kg",,,Nekada,,49252619,1 vnt.,Nenurodyta,"Nenurodyta, taip dronai",55 min.,Nenurodyta,,,Dronas,Nuotolinio valdymo pultu,1000 m,Visos Nenurodyta prekės,
106,59.81,Syma,Syma X5HW WiFi,,,,,,,Nėra,Taip,Taip,,Dronai,-,,"0,42 x 0,34 x 0,1 m, 0,5 kg",,,"Urmo Kaina, 					            EasyShop",,66475196,1 vnt.,Syma,"Syma, taip dronai",7 min.,Yra,,,Dronas,"Išmaniuoju įrenginiu, 					            Nuotolinio valdymo pultu",50 m,Visos Syma prekės,
107,339.4,,L900 PRO GPS 24K,,,,,,,Yra,Taip,Taip,,Dronai,-,,"0,28 x 0,25 x 0,22 m, 2 kg",,,"Belsi LT, 					            Juodasis šiokiadienis",,68021224,1 vnt.,Nenurodyta,"Nenurodyta, taip dronai",60 min.,Yra,,,Dronas,"Išmaniuoju įrenginiu, 					            Nuotolinio valdymo pultu",2000 m,Visos Nenurodyta prekės,
108,1169.0,DJI,DJI Avata Explorer Combo,,,,,,,Yra,Taip,Taip,,Dronai,,,"0,2 x 0,2 x 0,2 m, 1 kg",,,"Pigu.lt, 					            PrimeOnline, 					            Digizone",,70273296,1 vnt.,DJI,"DJI, taip dronai",18 min.,Yra,,,Dronas,"Nuotolinio valdymo pultu, 					            Riešu",10000 m,Visos DJI prekės,
109,74.72,Flybotic,Flybotic Flashing Drone,,,,,,,Nėra,Ne,Ne,,Dronai,,,"0,34 x 0,36 x 0,09 m, 0,58 kg",,,"KATARATA, 					            Minced",,71877976,1 vnt.,Flybotic,"Flybotic, ne dronai",- min.,Nėra,,,Dronas,Nuotolinio valdymo pultu,-,Visos Flybotic prekės,
110,205.2,Lenovo,Lenovo K9Pro UAV,Įkraunama baterija,,,,Li-Polymer,,Yra,Taip,Taip,Nenurodyta,Dronai,,Yra,"0,12 x 0,17 x 0,15 m, 0,7 kg",,"3 greičio lygiai, 					4 atsarginiai propeleriai, 					Nusileidimas vienu mygtuku, 					Wifi",Nekada,,74156946,1 vnt.,Lenovo,"Lenovo, taip dronai",20 min.,Yra,,2000 mAh,Dronas,Nuotolinio valdymo pultu,250 m,Visos Lenovo prekės,
111,-1.0,DJI,DJI Air 3 Fly More Combo,Įkraunama baterija,,,,Li-Polymer,-10 +40,Yra,Taip,Taip,Ultra 4K HD Mpix,Dronai,68400 m/h,,"0,3 x 0,2 x 0,3 m, 3 kg",,,TechMarket,,74613186,1 vnt.,DJI,"DJI, taip dronai",46 min.,Yra,742 g,4280 mAh,Dronas,Nuotolinio valdymo pultu,32000 m,Visos DJI prekės,14.8 V
112,1084.62,DJI,DJI Air 3 DJI RC-N2,,,,,,,Yra,Ne,Taip,,Dronai,,,"0,6 x 0,36 x 0,19 m, 1 kg",,,"Galador Grupp OÜ, 					            PrimeOnline, 					            Digizone",,75035277,1 vnt.,DJI,"DJI, taip dronai",- min.,Nenurodyta,,,Dronas,Nenurodyta,-,Visos DJI prekės,
113,27.24,,Artikulas DH861-Q5,,,,,,,Nėra,Taip,Ne,,Dronai,,,"0,48 x 0,09 x 0,35 m, 0,59 kg",,,"Helmand Baltics, 					            Prixora",,75098287,1 vnt.,Nenurodyta,"Nenurodyta, ne dronai",- min.,Nėra,,,Dronas,Infrafaudonaisiais spinduliais,-,Visos Nenurodyta prekės,
114,959.0,DJI,DJI Mini 4 Pro RC 2,Įkraunama baterija,,,,Li-Polymer,5 °C - 40 °C,Yra,Taip,Taip,Ultra 4K HD Mpix,Dronai,57600 m/h,,"0,2 x 0,1 x 0,1 m, 1 kg",,,"VEFabrika SIA, 					            Obuoliukams, 					            Addmore, 					            Proshop lt, 					            TechMarket",,76065837,1 vnt.,DJI,"DJI, taip dronai",34 min.,Yra,275 g,2600 mAh,Dronas,Nuotolinio valdymo pultu,17000 m,Visos DJI prekės,7.4 V
115,348.75,Overmax,Overmax X-bee drone 9.5,,,,,,,Nenurodyta,Taip,Taip,,Dronai,,,"0,3 x 0,3 x 0,1 m, 1,2 kg",,,"Pro Baltic, 					            EasyShop, 					            Amor Idea, 					            Minced",,79376702,1 vnt.,Overmax,"Overmax, taip dronai",22 min.,Nenurodyta,,,Dronas,Nenurodyta,-,Visos Overmax prekės,
116,222.42,TPC,TPC,,,,,,,Yra,Taip,Taip,,Dronai,,,"0,25 x 0,25 x 0,25 m, 2 kg",,,Akero lab,,84303535,1 vnt.,TPC,"TPC, taip dronai",18 min.,Yra,,,Dronas,Nuotolinio valdymo pultu,30 m,Visos TPC prekės,
117,38.98,Syma,Dronas Syma Z5,,,,,,,Nenurodyta,Ne,Ne,,Dronai,,,"0,29 x 0,14 x 0,08 m, 0,5 kg",,,"Urmo Kaina, 					            EasyShop, 					            LinePro",,89764785,1 vnt.,Syma,"Syma, ne dronai",10 min.,Yra,72 g,,Dronas,Nenurodyta,30 m,Visos Syma prekės,
118,-1.0,Rollei,Rollei Fly 80 Combo,,,,,,,Nenurodyta,Ne,Taip,,Dronai,,,"0,25 x 0,25 x 0,25 m, 800 kg",,,Kouket,,91586080,1 vnt.,Rollei,"Rollei, taip dronai",12 min.,Nenurodyta,,,Dronas,Nuotolinio valdymo pultu,40 m,Visos Rollei prekės,
119,74.54,Syma,"Nuotoliniu būdu valdomas dronas, juodas, Syma X23W FPV WIFI",,,,,,,Nenurodyta,Ne,Taip,,Dronai,,,"0,27 x 0,45 x 0,08 m, 1,5 kg",,,"Žaislų kalnas, 					            Urmo Kaina",,98577562,1 vnt.,Syma,"Syma, taip dronai",8 min.,Yra,,,Dronas,Nuotolinio valdymo pultu,20 m,Visos Syma prekės,
120,53.78,Denver,Denver DCW-360,,,,,,,Nėra,Ne,Taip,0.3 Mpix,Dronai,-,,"0,4 x 0,4 x 0,15 m, 0,35 kg",,,Nekada,,20845260,1 vnt.,Denver,"Denver, taip dronai",10 min.,Yra,137 g,,Dronas,Nuotolinio valdymo pultu,50 m,Visos Denver prekės,
121,2505.0,,Loudspeaker MP-130 DJI SkyPort Megaphone for DJI Matrice Drones,,,,,,,Nenurodyta,Taip,Taip,,Dronai,-,,"0,2 x 0,2 x 0,2 m, 0,2 kg",,,"Pigu.lt, 					            Minced",,48103912,1 vnt.,Nenurodyta,"Nenurodyta, taip dronai",- min.,Nenurodyta,,,Dronas,Nenurodyta,-,Visos Nenurodyta prekės,
122,295.0,Centechia,Profesionalus malūnsparnis FPV Dron LU3 MAX GPS dronas 8K HD,,,,,,,Yra,Taip,Taip,,Dronai,-,,"0,25 x 0,2 x 0,1 m, 1,5 kg",,,Nekada,,52571669,1 vnt.,Centechia,"Centechia, taip dronai",25 min.,Yra,,,Dronas,Išmaniuoju įrenginiu,2000 m,Visos Centechia prekės,
123,190.5,,S604 Pro GPS 4K HD kamera WIFI FPV dronas,,,,,,,Yra,Taip,Taip,,Dronai,10000 m/h,,"0,22 x 0,19 x 0,11 m, 0,8 kg",,,Nekada,,53227184,1 vnt.,Nenurodyta,"Nenurodyta, taip dronai",30 min.,Yra,,,Dronas,Išmaniuoju įrenginiu,3000 m,Visos Nenurodyta prekės,
124,2053.99,DJI,"Dronas DJI, Mini 3 Pro, CP.MA.00000492.01",,,,,,,Nenurodyta,Ne,Taip,,Dronai,-,,"0,28 x 0,25 x 0,23 m, 1 kg",,,,,54754834,1 vnt.,DJI,"DJI, taip dronai",- min.,Nenurodyta,,,Dronas,Nuotolinio valdymo pultu,8000 m,Visos DJI prekės,
125,80.64,Syma,"Syma dronas X23W su kamera, Juodos spalvos",,,,,,,Nėra,Taip,Taip,,Dronai,14400 m/h,,"0,44 x 0,26 x 0,08 m, 0,5 kg",,,Urmo Kaina,,64379583,1 vnt.,Syma,"Syma, taip dronai",7 min.,Yra,,,Dronas,Nuotolinio valdymo pultu,70 m,Visos Syma prekės,
126,95.19,,5G WIFI FPV,,,,,,,Nenurodyta,Taip,Taip,,Dronai,Nenurodyta m/h,,"0,5 x 0,5 x 0,5 m, 2 kg",,,Mandarinai,,64832588,1 vnt.,Nenurodyta,"Nenurodyta, taip dronai",- min.,Nenurodyta,,,Dronas,Nenurodyta,-,Visos Nenurodyta prekės,
127,2682.0,DJI,DJI Mavic 3 Pro Fly More Combo,,,Taip,,,,Yra,Ne,Taip,,Dronai,20 m/h,,"0,1 x 0,1 x 0,1 m, 1 kg",,,"Pigu.lt, 					            KATARATA, 					            PrimeOnline",,71467781,1 vnt.,DJI,"DJI, taip dronai",43 min.,Yra,,5000 mAh,Dronas,Nuotolinio valdymo pultu,6000 m,Visos DJI prekės,
128,196.5,Lenovo,Lenovo G6Pro UAV,Įkraunama baterija,Taip,,,,,Yra,Taip,Taip,Ultra 4K HD Mpix,Dronai,,Yra,"0,25 x 0,25 x 0,1 m, 1,2 kg",,"3 greičio lygiai, 					360 laipsniu apsivertimas ore, 					4 atsarginiai propeleriai, 					Wifi",Nekada,Taip,74156881,1 vnt.,Lenovo,"Lenovo, taip dronai",20 min.,Yra,,1800 mAh,Dronas,Nuotolinio valdymo pultu,5000 m,Visos Lenovo prekės,
129,895.99,,SG908 MAX,,,,,,,Yra,Taip,Taip,,Dronai,,,"0,1 x 0,1 x 0,1 m, 0,3 kg",,,"Belsi LT, 					            Juodasis šiokiadienis, 					            Tavo išparduotuvė",,74839669,1 vnt.,Nenurodyta,"Nenurodyta, taip dronai",30 min.,Yra,,,Dronas,Išmaniuoju įrenginiu,7000 m,Visos Nenurodyta prekės,
130,69.99,,"Dronas Memfis, E95 PRO 350",,,,,,,Yra,Taip,Taip,,Dronai,,,"0,5 x 0,5 x 0,5 m, 0,5 kg",,,Trading MB,,76050998,1 vnt.,Nenurodyta,"Nenurodyta, taip dronai",15 min.,Yra,,,Dronas,Nuotolinio valdymo pultu,-,Visos Nenurodyta prekės,
131,157.0,Sky Hawkeye,"Sky Hawkeye FVP 2,4 GHz",,,,,,,Yra,Ne,Taip,,Dronai,,,"0,18 x 0,4 x 0,6 m, 1,5 kg",,,"shumee, 					            MBGroup",,80828105,1 vnt.,Sky Hawkeye,"Sky Hawkeye, taip dronai",- min.,Yra,,,Dronas,Nuotolinio valdymo pultu,-,Visos Sky Hawkeye prekės,
132,562.28,,F6 PRO 4DRC,,,,,,,Yra,Taip,Taip,Ultra 4K HD Mpix,Dronai,,,"0,1 x 0,1 x 0,1 m, 0,2 kg",,,Juodasis šiokiadienis,,86158432,1 vnt.,Nenurodyta,"Nenurodyta, taip dronai",30 min.,Yra,,,Dronas,Išmaniuoju įrenginiu,500 m,Visos Nenurodyta prekės,
133,167.37,Hikari,Hikari Pro EVO E88,,,,,,,Nenurodyta,Taip,Taip,,Dronai,,,"0,2 x 0,15 x 0,12 m, 2,5 kg",,,Milera,,86259867,1 vnt.,Hikari,"Hikari, taip dronai",10 min.,Nenurodyta,,,Dronas,Išmaniuoju įrenginiu,150 m,Visos Hikari prekės,
134,162.99,Syma,Syma Z6PRO RC,,,,,,0 - 40 ºC,Yra,Ne,Taip,,Dronai,,,"0,27 x 0,09 x 0,22 m, 1 kg",,,"Urmo Kaina, 					            EasyShop, 					            LinePro",,89764470,1 vnt.,Syma,"Syma, taip dronai",25 min.,Yra,216 g,,Dronas,Nuotolinio valdymo pultu,450 m,Visos Syma prekės,
135,159.99,Syma,Syma X30,,,,,,0 - 40 ºC,Yra,Taip,Taip,,Dronai,,,"0,28 x 0,18 x 0,11 m, 0,2 kg",,,"Urmo Kaina, 					            EasyShop, 					            LinePro",,89764780,1 vnt.,Syma,"Syma, taip dronai",20 min.,Nenurodyta,200 g,,Dronas,Išmaniuoju įrenginiu,350 m,Visos Syma prekės,
136,299.01,Hover Air,HoverAir X1 Standard,,,,,,,Nėra,Ne,Taip,,Dronai,,,"0,1 x 0,1 x 0,1 m, 450 kg",,,"Pigu.lt, 					            Trajektorija, 					            Kouket, 					            Galador Grupp OÜ, 					            Brandberry, 					            Eventure, 					            Vitalimax, 					            Digitooted OÜ, 					            Treat Stores, 					            Triksa, 					            Avesa Trade, 					            KAM Trade SIA, 					            Proshop lt",,89924020,1 vnt.,Hover Air,"Hover Air, taip dronai",11 min.,Yra,,,Dronas,Nenurodyta,30 m,Visos Hover Air prekės,
137,445.0,Fimi,Fimi X8 Mini 3 Combo,,,,,,,Yra,Ne,Taip,,Dronai,,,"0,2 x 0,2 x 0,22 m, 0,8 kg",,,"Pigu.lt, 					            ABC Žaislai, 					            Fusion Store., 					            Avesa Trade",,91119890,1 vnt.,Fimi,"Fimi, taip dronai",37 min.,Yra,,,Dronas,Nuotolinio valdymo pultu,-,Visos Fimi prekės,
138,243.3,DJI,DJI Neo No RC,,,,,,,Yra,Ne,Taip,,Dronai,,,"1 x 1 x 1 m, 1 kg",,,"Galador Grupp OÜ, 					            Digizone",,92783322,1 vnt.,DJI,"DJI, taip dronai",18 min.,Yra,,,Dronas,Nuotolinio valdymo pultu,7000 m,Visos DJI prekės,
139,116.17,Syma,Syma X31,,,,,,,Yra,Taip,Taip,,Dronai,,,"0,55 x 0,08 x 0,33 m, 0,93 kg",,,"Valomsandeli, 					            Kouket, 					            Urmo Kaina, 					            shumee, 					            ShoppingArea",,93034547,1 vnt.,Syma,"Syma, taip dronai",19 min.,Nenurodyta,,,Dronas,Nuotolinio valdymo pultu,350 m,Visos Syma prekės,
140,72.11,Syma,Syma X5HW,,,,,,,Nenurodyta,Ne,Taip,,Dronai,,,"0,42 x 0,11 x 0,23 m, 1,03 kg",,,"Urmo Kaina, 					            Pliuskis, 					            Eshop24",,93788828,1 vnt.,Syma,"Syma, taip dronai",8 min.,Yra,,,Dronas,Nuotolinio valdymo pultu,80 m,Visos Syma prekės,
141,264.99,,K80Air 2S GPS 5G 4K,,,,,,,Yra,Taip,Taip,,Dronai,-,,"0,35 x 0,3 x 0,15 m, 1,5 kg",,,Nekada,,49252614,1 vnt.,Nenurodyta,"Nenurodyta, taip dronai",27 min.,Nenurodyta,,,Dronas,Nuotolinio valdymo pultu,1000 m,Visos Nenurodyta prekės,
142,287.0,,K80Air 2S GPS 5G 4K,,,,,,,Yra,Taip,Taip,,Dronai,-,,"0,35 x 0,3 x 0,15 m, 1,5 kg",,,Nekada,,49252624,1 vnt.,Nenurodyta,"Nenurodyta, taip dronai",60 min.,Nenurodyta,,,Dronas,Nuotolinio valdymo pultu,1000 m,Visos Nenurodyta prekės,
143,148.99,,Nauja Mini Drone 4K HD camera Wifi Fpv Luchtdruk Hoogte Hold,,,,,,,Nenurodyta,Taip,Taip,,Dronai,-,,"0,18 x 0,13 x 0,1 m, 0,41 kg",,,Nekada,,52571684,1 vnt.,Nenurodyta,"Nenurodyta, taip dronai",12 min.,Yra,,,Dronas,Nuotolinio valdymo pultu,100 m,Visos Nenurodyta prekės,
144,280.61,Syma,"Dronas su kamera Syma W3, EIS, 2K, GPS",,,,,,,Yra,Taip,Taip,,Dronai,-,,"0,23 x 0,11 x 0,153 m, 1 kg",,,Urmo Kaina,,64379613,1 vnt.,Syma,"Syma, taip dronai",27 min.,Yra,,,Dronas,"Išmaniuoju įrenginiu, 					            Nuotolinio valdymo pultu",400 m,Visos Syma prekės,
145,432.94,,"Dronas (GPS , Wi-Fi 2000 m.)",,,,,,,Yra,Taip,Taip,,Dronai,-,,"0,2 x 0,2 x 0,12 m, 0,4 kg",,,"Belsi LT, 					            Tavo išparduotuvė",,67195109,1 vnt.,Nenurodyta,"Nenurodyta, taip dronai",- min.,Yra,,,Dronas,Išmaniuoju įrenginiu,-,Visos Nenurodyta prekės,
146,455.85,DJI,DJI Mini 3,Įkraunama baterija,,,,Li-Polymer,5 °C - 40 °C,Yra,Taip,Taip,Ultra 4K HD Mpix,Dronai,57600 m/h,,"0,18 x 0,14 x 0,1 m, 0,5 kg",,,"Minced, 					            ACT TRADE SIA",,70369766,1 vnt.,DJI,"DJI, taip dronai",33 min.,Yra,249 g,2420 mAh,Dronas,Nenurodyta,17000 m,Visos DJI prekės,7.4 V
147,164.4,Lenovo,Lenovo S96,Įkraunama baterija,,,,Li-Polymer,,Yra,Taip,Taip,,Dronai,,,"0,11 x 0,17 x 0,15 m, 0,5 kg",,,Nekada,,74156886,1 vnt.,Lenovo,"Lenovo, taip dronai",12 min.,Yra,0.080 g,600 mAh,Dronas,Nuotolinio valdymo pultu,100 m,Visos Lenovo prekės,
148,358.4,Rondaful,Quadcopter X2-PRO3,Įkraunama baterija,,,,Li-Polymer,,Yra,Taip,Taip,Ultra 4K HD Mpix,Dronai,-,Yra,"0,11 x 0,17 x 0,15 m, 0,7 kg",,"3 greičio lygiai, 					4 atsarginiai propeleriai, 					Nusileidimas vienu mygtuku, 					Wifi",Nekada,,74156891,1 vnt.,Rondaful,"Rondaful, taip dronai",20 min.,Yra,- g,2000 mAh,Dronas,Nuotolinio valdymo pultu,1500 m,Visos Rondaful prekės,
149,995.0,,SG906 MAX2,,,,,,,Yra,Taip,Taip,,Dronai,,,"0,05 x 0,05 x 0,01 m, 0,5 kg",,,"Belsi LT, 					            Juodasis šiokiadienis, 					            Tavo išparduotuvė",,74684859,1 vnt.,Nenurodyta,"Nenurodyta, taip dronai",40 min.,Yra,,,Dronas,Išmaniuoju įrenginiu,7000 m,Visos Nenurodyta prekės,
150,998.87,4drc,4DRC F4 Pro 3-Axis,,,,,,,Yra,Taip,Taip,,Dronai,,,"0,25 x 0,2 x 0,15 m, 1 kg",,,"Belsi LT, 					            Juodasis šiokiadienis",,75272438,1 vnt.,4drc,"4drc, taip dronai",25 min.,Yra,,,Dronas,"Išmaniuoju įrenginiu, 					            Nuotolinio valdymo pultu",3000 m,Visos 4drc prekės,
151,90.0,Cooler Stuff Co,"Dronas r/c valdomas programėle, su filmavimo funkcija , 2 baterijos 3.7V",,,,,,,Nenurodyta,Taip,Nenurodyta,,Dronai,,,"0,29 x 0,1 x 0,24 m, 1 kg",,,"Magy žaislai, 					            Švara visiems, MB",,75920763,1 vnt.,Cooler Stuff Co,,20 min.,Nenurodyta,0.15 g,,Dronas,Nuotolinio valdymo pultu+VR,100 m,Visos Cooler Stuff Co prekės,3.7 V
152,711.0,Xiaomi,Xiaomi Fimi X8 Pro,,,,,,,Yra,Taip,Taip,,Dronai,,,"0,2 x 0,2 x 0,28 m, 0,2 kg",,,"Pigu.lt, 					            ABC Žaislai, 					            Avesa Trade",,81328625,1 vnt.,Xiaomi,"Xiaomi, taip dronai",29 min.,Nenurodyta,,,Dronas,Nuotolinio valdymo pultu,5000 m,Visos Xiaomi prekės,
153,1946.62,4drc,4DRC F4 Pro 3-Axis,,,,,,,Yra,Taip,Taip,,Dronai,,,"0,25 x 0,2 x 0,15 m, 1 kg",,,Juodasis šiokiadienis,,86160272,1 vnt.,4drc,"4drc, taip dronai",25 min.,Yra,,,Dronas,"Išmaniuoju įrenginiu, 					            Nuotolinio valdymo pultu",3000 m,Visos 4drc prekės,
154,90.75,,ThreeFire V162,,Taip,Taip,Taip,,,Nenurodyta,Taip,Nenurodyta,8 Mpix,Dronai,-,Yra,"0,255 x 0,085 x 0,2 m, 0,7 kg",,,ThreeFire,Taip,115161711,1 vnt.,SHRC,,30 min.,Nenurodyta,,162 mAh,Dronas,Nenurodyta,120 m,,Nenurodyta V
155,52.96,Syma,Syma X23-BLK,,,,,,,Nenurodyta,Ne,Nenurodyta,,Dronai,-,,"0,44 x 0,08 x 0,26 m, 0,56 kg",,,"Pramo prekyba, 					            Urmo Kaina",,32479911,1 vnt.,Syma,,- min.,Nenurodyta,,,Dronas,Nenurodyta,-,Visos Syma prekės,
156,1087.18,Autel,Dronas Autel 102000882,,,,,,,Nenurodyta,Ne,Nenurodyta,,Dronai,-,,"0,28 x 0,25 x 0,23 m, 1 kg",,,VMA PLUS Sp. z o.o.,,49440328,1 vnt.,Autel,,- min.,Nenurodyta,,,Dronas,Nenurodyta,-,Visos Autel prekės,
157,832.97,Fimi,FIMI X8 Se 2022 V2 Standard,,,,,,,Yra,Taip,Taip,,Dronai,64800 m/h,,"0,4 x 0,6 x 0,18 m, 1,5 kg",,,"KATARATA, 					            Minced",,62134553,1 vnt.,Fimi,"Fimi, taip dronai",31 min.,Yra,,,Dronas,"Išmaniuoju įrenginiu, 					            Nuotolinio valdymo pultu",10000 m,Visos Fimi prekės,
158,129.98,Syma,"Dronas su kamera Syma X31, 4K, FHD, GPS",,,,,,,Yra,Taip,Taip,,Dronai,-,,"0,48 x 0,305 x 0,085 m, 1,5 kg",,,"Urmo Kaina, 					            EasyShop",,64379618,1 vnt.,Syma,"Syma, taip dronai",19 min.,Yra,,,Dronas,"Išmaniuoju įrenginiu, 					            Nuotolinio valdymo pultu",350 m,Visos Syma prekės,
159,73.19,Syma,Syma Z3,,,,,,,Yra,Taip,Taip,,Dronai,Nenurodyta m/h,,"0,16 x 0,14 x 0,05 m, 0,5 kg",,,"Urmo Kaina, 					            EasyShop, 					            Minced",,66987229,1 vnt.,Syma,"Syma, taip dronai",7 min.,Nenurodyta,,,Dronas,Išmaniuoju įrenginiu,70 m,Visos Syma prekės,
160,3342.0,DJI,DJI Mavic 3 Pro + DJI RC Pro Fly More Combo,,,,,,,Yra,Ne,Taip,,Dronai,,,"0,13 x 0,26 x 0,2 m, 1 kg",,,Pigu.lt,,71467786,1 vnt.,DJI,"DJI, taip dronai",43 min.,Nenurodyta,,5000 mAh,Dronas,Nuotolinio valdymo pultu,15000 m,Visos DJI prekės,
161,123.42,,Dronas E99 Pro Max,,,,,,,Yra,Taip,Taip,,Dronai,,,"0,4 x 0,4 x 0,4 m, 0,4 kg",,,EasyShop,,76050978,1 vnt.,Nenurodyta,"Nenurodyta, taip dronai",60 min.,Yra,,,Dronas,Išmaniuoju įrenginiu,-,Visos Nenurodyta prekės,
162,211.31,,4DRC F6/V12 Combo 1600 mAh,,,,,,,Nenurodyta,Taip,Taip,,Dronai,,,"0,15 x 0,17 x 0,1 m, 1 kg",,,"Belsi LT, 					            Juodasis šiokiadienis, 					            Tavo išparduotuvė",,76866167,1 vnt.,Nenurodyta,"Nenurodyta, taip dronai",20 min.,Yra,,,Dronas,Išmaniuoju įrenginiu,500 m,Visos Nenurodyta prekės,
163,168.0,,Pro B0967YRBKV,,,,,,,Nėra,Taip,Taip,,Dronai,,,"0,19 x 0,19 x 0,19 m, 2 kg",,,"Pro Baltic, 					            Amor Idea",,80328652,1 vnt.,Nenurodyta,"Nenurodyta, taip dronai",- min.,Nenurodyta,,,Dronas,Nenurodyta,-,Visos Nenurodyta prekės,
164,85.74,Rebel,Rebel 600 mAh,,,,,,,Nenurodyta,Taip,Taip,,Dronai,,,"0,4 x 0,4 x 0,4 m, 0,64 kg",,,"Trading MB, 					            Juodasis šiokiadienis, 					            EasyShop",,82252117,1 vnt.,Rebel,"Rebel, taip dronai",7 min.,Nenurodyta,,,Dronas,Nuotolinio valdymo pultu,80 m,Visos Rebel prekės,
165,34.99,JJR/C,JJRC RC H36 Mini,,,,,,,Nenurodyta,Ne,Ne,,Dronai,,,"0,1 x 0,15 x 0,15 m, 0,5 kg",,,EasyShop,,89751085,1 vnt.,JJRC,"JJRC, ne dronai",5 min.,Yra,,,Dronas,Nuotolinio valdymo pultu,30 m,Visos JJR/C prekės,
166,139.99,Syma,Syma X30,,,,,,,Yra,Ne,Taip,,Dronai,,,"0,15 x 0,4 x 0,3 m, 0,5 kg",,,Urmo Kaina,,89751110,1 vnt.,Syma,"Syma, taip dronai",20 min.,Nenurodyta,,,Dronas,Nuotolinio valdymo pultu,350 m,Visos Syma prekės,
167,63.49,Syma,Syma X23W,,,,,,,Nenurodyta,Ne,Taip,,Dronai,,,"0,15 x 0,24 x 0,23 m, 0,6 kg",,,"Urmo Kaina, 					            EasyShop, 					            LinePro",,89763350,1 vnt.,Syma,"Syma, taip dronai",8 min.,Nenurodyta,,,Dronas,Nuotolinio valdymo pultu,20 m,Visos Syma prekės,
168,177.04,Oem,Oem C128 4CH,,,,,,,Nenurodyta,Ne,Taip,,Dronai,,,"0,8 x 0,8 x 0,8 m, 2 kg",,,Resteq,,91884060,1 vnt.,OEM,"OEM, taip dronai",- min.,Nenurodyta,,,Dronas,Nenurodyta,-,Visos Oem prekės,
169,70.79,,RC SYMA Z3,,,,,,,Nenurodyta,Taip,Taip,,Dronai,,,"0,23 x 0,37 x 0,09 m, 0,9 kg",,,"Valomsandeli, 					            Kouket, 					            shumee, 					            EasyShop, 					            ShoppingArea",,93034567,1 vnt.,Nenurodyta,"Nenurodyta, taip dronai",- min.,Nenurodyta,,,Dronas,Nuotolinio valdymo pultu,-,Visos Nenurodyta prekės,
170,329.99,Evi,EVI F14,Įkraunama baterija,Taip,Taip,Taip,Li-ion,0 - 40 ºC,Yra,Taip,Taip,HDR HD Mpix,Dronai,,Yra,"0,36 x 0,28 x 0,15 m, 2 kg",,"360° fotografavimas, 					Automatinis sugrįžimas, 					Kliūčių vengimas, 					Maršruto piešimas programėlėje, 					VR režimas, 					„Follow Me“ režimas",LeonasP,Taip,111493246,1 vnt.,Evi,"Evi, taip dronai",,Yra,190 g,2000 mAh,Dronas,"Išmaniuoju įrenginiu, 					            Nuotolinio valdymo pultu, 					            Riešu",2000 m,Visos Evi prekės,3.7 V
171,1519.99,DJI,DJI Mavic Air 2 Combo,,,,,,,Yra,Taip,Taip,,Dronai,68 m/h,,"0,4 x 0,6 x 0,18 m, 1,5 kg",,,KATARATA,,31600327,1 vnt.,DJI,"DJI, taip dronai",34 min.,Yra,,,Dronas,Nuotolinio valdymo pultu,10000 m,Visos DJI prekės,
172,6694.89,Autel,Autel 102000254,,,,,,,Nėra,Ne,Nenurodyta,,Dronai,-,,"0,4 x 0,18 x 0,6 m, 6,44 kg",,,Minced,,34571421,1 vnt.,Autel,,- min.,Nenurodyta,,,Dronas,Nenurodyta,-,Visos Autel prekės,
173,994.08,Autel,Autel EVO Nano+,,,,,,,Yra,Ne,Taip,,Dronai,-,,"0,4 x 0,6 x 0,18 m, 1,5 kg",,,"VMA PLUS Sp. z o.o., 					            Minced",,52172019,1 vnt.,Autel,"Autel, taip dronai",28 min.,Nenurodyta,,,Dronas,Nuotolinio valdymo pultu,-,Visos Autel prekės,
174,557.0,DJI,DJI Avata (No RC)|CP.FP.00000062.02,,,,,,,Yra,Ne,Taip,,Dronai,-,,"0,2 x 0,08 x 0,19 m, 0,73 kg",,,"Pigu.lt, 					            IT Plus, 					            KATARATA",,60294883,1 vnt.,DJI,"DJI, taip dronai",- min.,Nenurodyta,,,Dronas,Nenurodyta,-,Visos DJI prekės,
175,179.99,Syma,"Syma X30 2,4 GHz GPS FPV Wifi 1080p",,,,,,,Yra,Ne,Taip,,Dronai,-,,"0,5 x 1 x 0,5 m, 0,93 kg",,,"Urmo Kaina, 					            EasyShop",,62640163,1 vnt.,Syma,"Syma, taip dronai",- min.,Nenurodyta,,,Dronas,Nenurodyta,-,Visos Syma prekės,
176,19581.99,DJI,DJI Inspire 3 Enterprise,Įkraunama baterija,,,,,-20 °C - +40 °C,Yra,Taip,Taip,Ultra 4K HD Mpix,Dronai,94000 m/h,,"0,3 x 0,4 x 0,2 m, 22,5 kg",,Wifi,"KATARATA, 					            Minced",Taip,72055926,1 vnt.,DJI,"DJI, taip dronai",28 min.,Yra,3995 g,4280 mAh,Dronas,Nuotolinio valdymo pultu,2000 m,Visos DJI prekės,23.1 V
177,169.49,4drc,Allnoel 4drc F10,,,,,,,Yra,Taip,Taip,,Dronai,,,"0,5 x 0,5 x 0,5 m, 0,5 kg",,,"MAJUS, 					            EasyShop",,74245496,1 vnt.,4drc,"4drc, taip dronai",20 min.,Nenurodyta,,,Dronas,Nuotolinio valdymo pultu,2000 m,Visos 4drc prekės,
178,114.56,4drc,4DRC 4D-V27,,,,,,,Nenurodyta,Taip,Taip,,Dronai,,,"0,41 x 0,27 x 0,15 m, 1 kg",,,Belsi LT,,75217778,1 vnt.,4drc,"4drc, taip dronai",15 min.,Yra,,,Dronas,"Išmaniuoju įrenginiu, 					            Nuotolinio valdymo pultu",-,Visos 4drc prekės,
179,90.19,,Allnoel S162 Pro,,,,,,,Yra,Taip,Taip,,Dronai,,,"0,4 x 0,4 x 0,4 m, 1 kg",,,"Trading MB, 					            EasyShop",,75533138,1 vnt.,Nenurodyta,"Nenurodyta, taip dronai",10 min.,Yra,,,Dronas,"Išmaniuoju įrenginiu, 					            Nuotolinio valdymo pultu",400 m,Visos Nenurodyta prekės,
180,108.4,Giister,Giister E99 Pro,,,,,,,Nėra,Ne,Taip,,Dronai,,,"0,3 x 0,2 x 0,06 m, 0,38 kg",,,"Pro Baltic, 					            Amor Idea",,80277482,1 vnt.,Giister,"Giister, taip dronai",20 min.,Nenurodyta,,,Dronas,Nuotolinio valdymo pultu,200 m,Visos Giister prekės,
181,93.58,,Dronas E99 Pro,,,,,,,Yra,Taip,Taip,,Dronai,,,"0,22 x 0,18 x 0,55 m, 0,318 kg",,,La Bella,,80557732,1 vnt.,Nenurodyta,"Nenurodyta, taip dronai",60 min.,Yra,,,Dronas,Nuotolinio valdymo pultu,-,Visos Nenurodyta prekės,
182,207.92,,L900 Pro GPS,Įkraunama baterija,,,,,,Yra,Taip,Taip,Ultra 4K HD Mpix,Dronai,,,"0,23 x 0,18 x 0,08 m, 0,65 kg",,"Giroskopas, 					Wifi",Avernus Shop,,84165622,1 vnt.,Nenurodyta,"Nenurodyta, taip dronai",25 min.,Yra,,,Dronas,"Išmaniuoju įrenginiu, 					            Nuotolinio valdymo pultu",1500 m,Visos Nenurodyta prekės,
183,145.51,Carrera,Carrera,,,,,,,Yra,Taip,Taip,,Dronai,,,"0,25 x 0,25 x 0,25 m, 2 kg",,,Akero lab,,84303540,1 vnt.,Carrera,"Carrera, taip dronai",12 min.,Yra,,,Dronas,Nuotolinio valdymo pultu,30 m,Visos Carrera prekės,
184,39.99,Syma,Syma RC X20P,,,,,,,Nenurodyta,Ne,Ne,,Dronai,,,"0,2 x 0,15 x 0,1 m, 0,5 kg",,,EasyShop,,89749715,1 vnt.,Syma,"Syma, ne dronai",5 min.,Yra,,,Dronas,Nuotolinio valdymo pultu,20 m,Visos Syma prekės,
185,34.99,RC,JJRC RC H36 Mini,,,,,,,Nenurodyta,Ne,Ne,,Dronai,,,"0,1 x 0,15 x 0,15 m, 0,5 kg",,,"Urmo Kaina, 					            EasyShop",,89751090,1 vnt.,Rc,"Rc, ne dronai",5 min.,Yra,,,Dronas,Nuotolinio valdymo pultu,30 m,Visos RC prekės,
186,159.99,Syma,Syma Z6 PRO,,,,,,,Yra,Ne,Taip,,Dronai,,,"0,09 x 0,27 x 0,23 m, 0,5 kg",,,Urmo Kaina,,89751125,1 vnt.,Syma,"Syma, taip dronai",25 min.,Nenurodyta,,,Dronas,Nuotolinio valdymo pultu,450 m,Visos Syma prekės,
187,62.57,Syma,Syma X23W,,,,,,,Nenurodyta,Ne,Taip,,Dronai,,,"0,25 x 0,25 x 0,1 m, 0,4 kg",,,Urmo Kaina,,89751230,1 vnt.,Syma,"Syma, taip dronai",8 min.,Yra,,,Dronas,Nuotolinio valdymo pultu,20 m,Visos Syma prekės,
188,-1.0,Hover Air,HoverAir X1,,,,,,,Nėra,Ne,Taip,,Dronai,,,"0,1 x 0,1 x 0,1 m, 650 kg",,,"Pigu.lt, 					            Trajektorija, 					            Kouket, 					            Vitalimax, 					            Digitooted OÜ",,89923995,1 vnt.,Hover Air,"Hover Air, taip dronai",- min.,Yra,,,Dronas,Nenurodyta,30 m,Visos Hover Air prekės,
189,762.64,DJI,DJI Mini 3 Fly More Combo (DJI RC 2024),,,,,,,Yra,Ne,Taip,12 Mpix,Dronai,,,"0,24 x 0,15 x 0,07 m, 0,45 kg",,,"Galador Grupp OÜ, 					            Digizone, 					            Avesa Trade",,90437350,1 vnt.,DJI,"DJI, taip dronai",38 min.,Yra,249 g,2453 mAh,Dronas,Nuotolinio valdymo pultu,10000 m,Visos DJI prekės,
190,394.0,Fimi,Fimi X8 Mini 3 Standard,,,,,,,Yra,Ne,Taip,,Dronai,,,"0,2 x 0,2 x 0,29 m, 1,2 kg",,,"Pigu.lt, 					            ABC Žaislai, 					            Fusion Store., 					            Avesa Trade",,91119880,1 vnt.,Fimi,"Fimi, taip dronai",32 min.,Yra,,,Dronas,Nuotolinio valdymo pultu,-,Visos Fimi prekės,
191,36.44,Syma,Syma X26,,,,,,,Nėra,Ne,Nenurodyta,,Dronai,,,"0,5 x 0,3 x 0,2 m, 0,2 kg",,,"Urmo Kaina, 					            EasyShop",,91965845,1 vnt.,Syma,,6 min.,Nenurodyta,,,Dronas,Nuotolinio valdymo pultu,30 m,Visos Syma prekės,
192,33.6,Skytech,Skytech TK109H,,,,,,,Nėra,Ne,Nenurodyta,,Dronai,,,"0,7 x 0,36 x 0,12 m, 1,2 kg",,,SDC Distribution,,93434362,1 vnt.,Skytech,,8 min.,Nenurodyta,,,Dronas,Nuotolinio valdymo pultu,50 m,Visos Skytech prekės,
193,1590.0,DJI,Dronas DJI Air 3S Fly More Combo with DJI RC 2,,,,,,,Yra,Ne,Taip,,Dronai,,,"0,6 x 0,36 x 0,19 m, 2,8 kg",,,TechMarket,,99125537,1 vnt.,DJI,"DJI, taip dronai",45 min.,Yra,724 g,,Dronas,Nuotolinio valdymo pultu,20000 m,Visos DJI prekės,
194,-1.0,DJI,DJI Mini 4 Pro Fly More Combo (DJI RC 2),Įkraunama baterija,,,,Li-Polymer,-10 +40,Yra,Taip,Taip,Ultra 4K HD Mpix,Dronai,57600 m/h,,"0,4 x 0,6 x 0,18 m, 1,5 kg",,,ODEONS L,,100527486,1 vnt.,DJI,"DJI, taip dronai",34 min.,Yra,,2600 mAh,Dronas,Nuotolinio valdymo pultu,18000 m,Visos DJI prekės,7.4 V
195,183.99,Evi,EVI F10,Įkraunama baterija,Taip,Taip,Taip,Li-ion,0 - 40 ºC,Nėra,Taip,Taip,Ultra 4K HD Mpix,Dronai,,Yra,"0,36 x 0,25 x 0,15 m, 1,5 kg",,"360° akrobatiniai judesiai, 					50x priartinimas, 					Automatinis sugrįžimas, 					Autonominis pakilimas ir nusileidimas, 					Plataus kampo 120° lęšis, 					Programuojamas skrydžio maršrutas, 					„Follow Me“ funkcija",LeonasP,Taip,111487521,1 vnt.,Evi,"Evi, taip dronai",,Yra,154 g,,Dronas,"Išmaniuoju įrenginiu, 					            Nuotolinio valdymo pultu, 					            Riešu",2000 m,Visos Evi prekės,3.7 V
196,165.75,4drc,4DRC F10 GPS,,,,,,,Yra,Taip,Taip,Ultra 4K HD Mpix,Dronai,,,"0,23 x 0,17 x 0,08 m, 0,5 kg",,,Avernus Shop,,84169653,1 vnt.,4drc,"4drc, taip dronai",20 min.,Yra,,,Dronas,Nuotolinio valdymo pultu,2000 m,Visos 4drc prekės,
197,63.92,Bewin,Dronas S17 4K,Įkraunama baterija,,,,,,Nėra,Ne,Taip,,Dronai,,,"0,2 x 0,15 x 0,8 m, 0,4 kg",,,Avernus Shop,,82343672,1 vnt.,Bewin,"Bewin, taip dronai",20 min.,Nenurodyta,,,Dronas,Nuotolinio valdymo pultu,200 m,Visos Bewin prekės,
198,39.92,Avernus,Dronas E88 Pro Max,,,,,,,Nenurodyta,Taip,Taip,,Dronai,,,"0,2 x 0,15 x 0,06 m, 0,4 kg",,,Avernus Shop,,84552712,1 vnt.,Avernus,"Avernus, taip dronai",15 min.,Nenurodyta,,,Dronas,Nuotolinio valdymo pultu,150 m,Visos Avernus prekės,
199,59.99,Evi,EVI E100 PRO,Įkraunama baterija,Taip,Taip,Taip,Li-ion,0 - 40 ºC,Nėra,Taip,Taip,HD Mpix,Dronai,,Yra,"0,3 x 0,2 x 0,1 m, 0,38 kg",,"360° akrobatika, 					Automatinis pakilimas ir nusileidimas, 					FPV – gyvas vaizdas telefone, 					Gestų fotografija, 					Maršruto piešimas programėlėje, 					VR režimas, 					„Follow Me“ režimas",LeonasP,Taip,111500986,1 vnt.,Evi,"Evi, taip dronai",60 min.,Yra,118 g,1800 mAh,Dronas,"Išmaniuoju įrenginiu, 					            Nuotolinio valdymo pultu, 					            Riešu",300 m,Visos Evi prekės,3.7 V
200,-1.0,,"Dronas ,,Memfis"", E95 PRO 350 m 1800 mAh",,,,,,,Yra,Taip,Taip,,Dronai,,,"0,4 x 0,4 x 0,4 m, 0,4 kg",,,,,75499643,1 vnt.,Nenurodyta,"Nenurodyta, taip dronai",12 min.,Yra,,,Dronas,"Išmaniuoju įrenginiu, 					            Nuotolinio valdymo pultu",-,Visos Nenurodyta prekės,
201,-1.0,YogaSuper,Yogasuper 4K,,,,,,,Yra,Taip,Taip,Ultra 4K HD Mpix,Dronai,,,"0,33 x 0,33 x 0,1 m, 0,5 kg",,,,,79955082,1 vnt.,Yogasuper,"Yogasuper, taip dronai",25 min.,Yra,,,Dronas,"Išmaniuoju įrenginiu, 					            Nuotolinio valdymo pultu",300 m,Visos YogaSuper prekės,
202,69.88,,E88 Pro 4k hd,,,,,,,Yra,Taip,Taip,Nenurodyta,Dronai,,,"0,5 x 0,4 x 0,4 m, 1 kg",,"3 greičio lygiai, 					360 laipsniu apsivertimas ore, 					4 atsarginiai propeleriai, 					Giroskopas","Jūsų Prekės, 					            Ramana family shop",,95812512,1 vnt.,Nenurodyta,"Nenurodyta, taip dronai",15 min.,Yra,,,Dronas,Nuotolinio valdymo pultu+VR,100 m,Visos Nenurodyta prekės,
203,-1.0,,Livman S9000,Įkraunama baterija,Taip,Taip,Taip,Li-Polymer,,Nenurodyta,Taip,Taip,,Dronai,,Yra,"0,2 x 0,2 x 0,07 m, 0,5 kg",,"3 greičio lygiai, 					360 laipsniu apsivertimas ore, 					4 atsarginiai propeleriai, 					Apsivertimas ore mygtuko paspaudimu, 					Atsparus lengviems atsitrenkimams arba nukritimams, 					Giroskopas, 					LED dirželis, informuojantis apie įkrovimo buklę, 					Nusileidimas vienu mygtuku, 					Propelerių apsaugos, 					Wifi",,,89794071,1 vnt.,Nenurodyta,"Nenurodyta, taip dronai",36 min.,Yra,138 g,,Dronas,"Išmaniuoju įrenginiu, 					            Nuotolinio valdymo pultu, 					            Nuotolinio valdymo pultu+VR",200 m,Visos Nenurodyta prekės,3.7 V
204,-1.0,Syma,Syma X35T 2.4G R/C,,,,,,,Nenurodyta,Taip,Nenurodyta,,Dronai,,,"0,29 x 0,17 x 0,07 m, 1 kg",,,Urmo Kaina,,83503035,1 vnt.,Syma,,7 min.,Nenurodyta,,,Dronas,Nuotolinio valdymo pultu,20 m,Visos Syma prekės,
205,-1.0,,S136 Mini 4K HD GPS,,,,,,,Yra,Taip,Taip,,Dronai,,,"0,2 x 0,15 x 0,07 m, 0,5 kg",,,,,84182957,1 vnt.,Nenurodyta,"Nenurodyta, taip dronai",20 min.,Yra,,,Dronas,Nuotolinio valdymo pultu,1000 m,Visos Nenurodyta prekės,
206,-1.0,,Dronas Flying Ball,,,,,,,Nėra,Ne,Ne,,Dronai,-,,"0,16 x 0,18 x 0,055 m, 1,5 kg",,,,,34827949,1 vnt.,Nenurodyta,"Nenurodyta, ne dronai",10 min.,Nenurodyta,100 g,,Dronas,Infrafaudonaisiais spinduliais,-,Visos Nenurodyta prekės,Nenurodyta V
207,-1.0,,Dronas 4K HD GPS,,,,,,,Yra,Taip,Taip,,Dronai,,,"0,5 x 0,5 x 0,5 m, 0,66 kg",,,,,82257012,1 vnt.,Nenurodyta,"Nenurodyta, taip dronai",12 min.,Yra,,,Dronas,Nuotolinio valdymo pultu,80 m,Visos Nenurodyta prekės,
208,-1.0,Vis Tiek,VisTiek 8s,,,,,,,Nėra,Ne,Taip,,Dronai,,,"0,27 x 0,11 x 0,18 m, 1,5 kg",,,,,88484696,1 vnt.,Vis Tiek,"Vis Tiek, taip dronai",15 min.,Yra,,,Dronas,Nuotolinio valdymo pultu,100 m,Visos Vis Tiek prekės,
209,-1.0,Syma,Syma X15W,,,,,,,Nenurodyta,Ne,Taip,,Dronai,-,,"0,44 x 0,27 x 0,08 m, 0,67 kg",,,,,45459733,1 vnt.,Syma,"Syma, taip dronai",7 min.,Nenurodyta,,,Dronas,Nuotolinio valdymo pultu,80 m,Visos Syma prekės,
210,475.92,DJI,DJI Mini 3,,,,,,,Yra,Taip,Taip,12 Mpix,Dronai,30 m/h,,"0,3 x 0,3 x 0,2 m, 0,5 kg",,,,,68608746,1 vnt.,DJI,"DJI, taip dronai",38 min.,Yra,249 g,,Dronas,Išmaniuoju įrenginiu,10000 m,Visos DJI prekės,
211,-1.0,,E99 Pro Max 4K HD,,,,,,,Nėra,Taip,Taip,,Dronai,,,"0,2 x 0,14 x 0,06 m, 0,4 kg",,,,,84182973,1 vnt.,Nenurodyta,"Nenurodyta, taip dronai",20 min.,Nenurodyta,,,Dronas,Nuotolinio valdymo pultu,200 m,Visos Nenurodyta prekės,
212,-1.0,DJI,DJI Mini 2 SE Fly More Combo,Įkraunama baterija,,,,Li-Polymer,5 °C - 40 °C,Yra,Taip,Taip,12 Mpix,Dronai,57600 m/h,,"0,3 x 0,1 x 0,2 m, 1,6 kg",,,,,70126081,1 vnt.,DJI,"DJI, taip dronai",31 min.,Yra,249 g,2250 mAh,Dronas,Nuotolinio valdymo pultu,15000 m,Visos DJI prekės,7.7 V
213,-1.0,Chubory,Chubory F89,,,,,,,Nenurodyta,Taip,Taip,,Dronai,,,"0,4 x 0,4 x 0,4 m, 2 kg",,,,,83794155,1 vnt.,Chubory,"Chubory, taip dronai",40 min.,Nenurodyta,,,Dronas,Nenurodyta,-,Visos Chubory prekės,
214,-1.0,DJI,DJI Mini SE Fly More Combo,,,,,,,Yra,Taip,Taip,12 Mpix,Dronai,46000 m/h,,"0,32 x 0,28 x 0,25 m, 1,266 kg",,,,,47081757,1 vnt.,DJI,"DJI, taip dronai",30 min.,Yra,249 g,,Dronas,Nuotolinio valdymo pultu,2000 m,Visos DJI prekės,
215,-1.0,Vwinget,GPS RC 5g bepilotis orlaivis UAV profesionalus keturkopterinis FPV su 4K kamera,,,,,,,Yra,Taip,Taip,,Dronai,-,,"0,35 x 0,28 x 0,2 m, 1,5 kg",,,,,49252629,1 vnt.,Vwinget,"Vwinget, taip dronai",20 min.,Nenurodyta,,,Dronas,Išmaniuoju įrenginiu,3000 m,Visos Vwinget prekės,
216,-1.0,Autel,Autel EVO Nano+,,,,,,,Yra,Ne,Taip,,Dronai,-,,"0,4 x 0,6 x 0,18 m, 1,5 kg",,,,,52172024,1 vnt.,Autel,"Autel, taip dronai",28 min.,Nenurodyta,,,Dronas,Nuotolinio valdymo pultu,-,Visos Autel prekės,
217,-1.0,DJI,DJI FPV Combo,,,,,,,Nenurodyta,Ne,Taip,,Dronai,-,,"0,4 x 0,6 x 0,18 m, 1,5 kg",,,,,38504498,1 vnt.,DJI,"DJI, taip dronai",20 min.,Nenurodyta,,2000 mAh,Dronas,Nenurodyta,10000 m,Visos DJI prekės,
218,-1.0,DJI,DJI Air 3 Fly More Combo RC-N2,,,,,,,Yra,Ne,Taip,,Dronai,,,"0,6 x 0,36 x 0,19 m, 1 kg",,,,,75217347,1 vnt.,DJI,"DJI, taip dronai",46 min.,Nenurodyta,,,Dronas,Nuotolinio valdymo pultu,-,Visos DJI prekės,
220,-1.0,DJI,Dronas DJI Mavic 3 Thermal Enterprise,,,,,,,Yra,Ne,Taip,,Dronai,21 m/h,,"1 x 1 x 1 m, 2 kg",,,,,85293765,1 vnt.,DJI,"DJI, taip dronai",45 min.,Yra,920 g,5000 mAh,Dronas,Nuotolinio valdymo pultu,15000 m,Visos DJI prekės,
221,-1.0,Tello,Tello Boost Combo,Įkraunama baterija,,,,,,Nėra,Ne,Taip,2 Mpix,Dronai,8 m/h,,"0,28 x 0,25 x 0,22 m, 2 kg",,,,,31542757,1 vnt.,Tello,"Tello, taip dronai",13 min.,Yra,,,Dronas,Išmaniuoju įrenginiu,100 m,Visos Tello prekės,
222,-1.0,Autel,"Drone  Autel EVO Lite+ Standard Orange CMOS 1"" 20 MP",,,,,,,Nenurodyta,Taip,Taip,,Dronai,-,,"0,28 x 0,25 x 0,23 m, 2 kg",,,,,49440303,1 vnt.,Autel,"Autel, taip dronai",- min.,Yra,,,Dronas,Nuotolinio valdymo pultu,-,Visos Autel prekės,
223,-1.0,Overmax,Overmax X-BEE,,,,,,,Yra,Taip,Taip,,Dronai,-,,"0,4 x 0,6 x 0,18 m, 1,5 kg",,,,,33063966,1 vnt.,Overmax,"Overmax, taip dronai",15 min.,Yra,249 g,1500 mAh,Dronas,"Išmaniuoju įrenginiu, 					            Nuotolinio valdymo pultu",300 m,Visos Overmax prekės,
224,-1.0,DJI,DJI Matrice 0T/CP.EN.00000368.02,,,,,,,Yra,Taip,Taip,,Dronai,-,,"0,77 x 0,32 x 0,45 m, 15,7 kg",,,,,56699123,1 vnt.,DJI,"DJI, taip dronai",41 min.,Nėra,,,Dronas,Išmaniuoju įrenginiu,-,Visos DJI prekės,
225,-1.0,DJI,DJI Avata Pro-View Combo,,,,,,,Nenurodyta,Ne,Taip,,Dronai,-,,"0,2 x 0,17 x 0,19 m, 1,73 kg",,,,,57918643,1 vnt.,DJI,"DJI, taip dronai",- min.,Nenurodyta,,2420 mAh,Dronas,Nenurodyta,-,Visos DJI prekės,
226,-1.0,,AG362D Flying Disco,,,,,,,Nėra,Ne,Ne,,Dronai,,,"0,4 x 0,3 x 0,3 m, 1 kg",,,,,75414963,1 vnt.,Nenurodyta,"Nenurodyta, ne dronai",8 min.,Nėra,,,Dronas,Riešu,-,Visos Nenurodyta prekės,
227,-1.0,Hover Air,HoverAir X1,,,,,,,Nėra,Ne,Taip,,Dronai,,,"0,1 x 0,1 x 0,1 m, 700 kg",,,,,89924005,1 vnt.,Hover Air,"Hover Air, taip dronai",- min.,Yra,,,Dronas,Nenurodyta,30 m,Visos Hover Air prekės,
228,-1.0,Potensic,Potensic Atom GPS Fly more Combo,,,,,,,Yra,Taip,Taip,12 Mpix,Dronai,-,,"0,26 x 0,19 x 0,14 m, 1,62 kg",,,,,92171606,1 vnt.,Potensic,"Potensic, taip dronai",31 min.,Yra,249 g,,Dronas,Nuotolinio valdymo pultu,-,Visos Potensic prekės,
229,-1.0,,Dronas E88 PRO,,,,,,,Nėra,Ne,Ne,,Dronai,,,"0,19 x 0,19 x 0,15 m, 1 kg",,,,,83258687,1 vnt.,Nenurodyta,"Nenurodyta, ne dronai",10 min.,Yra,,,Dronas,Nuotolinio valdymo pultu,250 m,Visos Nenurodyta prekės,
230,-1.0,DJI,DJI Mini 4K,,,,,,,Yra,Ne,Taip,,Dronai,,,"1 x 1 x 1 m, 1 kg",,,,,93793158,1 vnt.,DJI,"DJI, taip dronai",31 min.,Yra,,,Dronas,Nuotolinio valdymo pultu,15000 m,Visos DJI prekės,
231,-1.0,DJI,DJI Mavic 3 Pro Cine Premium Combo,,,,,,,Yra,Ne,Taip,,Dronai,-,,"0,1 x 0,1 x 0,1 m, 1 kg",,,,,71467791,1 vnt.,DJI,"DJI, taip dronai",43 min.,Yra,,5000 mAh,Dronas,Nuotolinio valdymo pultu,15000 m,Visos DJI prekės,
233,-1.0,,Dronas E100 PRO,,,,,,,Nėra,Ne,Ne,,Dronai,,,"0,19 x 0,19 x 0,15 m, 1 kg",,,,,83182022,1 vnt.,Nenurodyta,"Nenurodyta, ne dronai",10 min.,Nenurodyta,,,Dronas,Nuotolinio valdymo pultu,250 m,Visos Nenurodyta prekės,
234,129.0,Rollei,Rollei Fly 60 Combo,,,,,,,Nenurodyta,Ne,Taip,,Dronai,,,"0,25 x 0,25 x 0,25 m, 800 kg",,,"Kouket, 					            Galador Grupp OÜ",,91585435,1 vnt.,Rollei,"Rollei, taip dronai",10 min.,Nenurodyta,,,Dronas,Nuotolinio valdymo pultu,40 m,Visos Rollei prekės,
235,-1.0,Potensic,Potensic Atom SE GPS,,,,,,,Yra,Taip,Taip,12 Mpix,Dronai,-,,"0,26 x 0,19 x 0,14 m, 1,62 kg",,,,,92171591,1 vnt.,Potensic,"Potensic, taip dronai",31 min.,Nėra,249 g,,Dronas,Nuotolinio valdymo pultu,-,Visos Potensic prekės,
236,-1.0,DJI,DJI Neo Fly More Combo,,,,,,,Yra,Ne,Taip,,Dronai,,,"1 x 1 x 1 m, 1 kg",,,,,93792388,1 vnt.,DJI,"DJI, taip dronai",18 min.,Yra,,,Dronas,Nuotolinio valdymo pultu,7000 m,Visos DJI prekės,
237,-1.0,UGO,Dronas Ugo Mistral 3.0,,,,,,,Nėra,Ne,Taip,,Dronai,-,,"0,28 x 0,25 x 0,23 m, 1 kg",,,,,56516174,1 vnt.,UGO,"UGO, taip dronai",35 min.,Nenurodyta,,,Dronas,Nuotolinio valdymo pultu,100 m,Visos UGO prekės,
238,-1.0,Syma,Syma X8PRO GPS,,,,,,,Yra,Taip,Taip,,Dronai,25000 m/h,,"0,35 x 0,35 x 0,18 m, 2 kg",,,,,66475191,1 vnt.,Syma,"Syma, taip dronai",10 min.,Yra,,,Dronas,"Išmaniuoju įrenginiu, 					            Nuotolinio valdymo pultu",300 m,Visos Syma prekės,
239,-1.0,Syma,Syma SX8PRO,,,,,,,Yra,Ne,Taip,,Dronai,-,,"0,4 x 0,6 x 0,18 m, 1,5 kg",,,,,24628085,1 vnt.,Syma,"Syma, taip dronai",9 min.,Nenurodyta,,,Dronas,Nenurodyta,70 m,Visos Syma prekės,
240,-1.0,Hover Air,HoverAir X1 Combo Plus Retail,,,,,,,Nėra,Ne,Taip,,Dronai,,,"0,1 x 0,1 x 0,1 m, 700 kg",,,,,89924010,1 vnt.,Hover Air,"Hover Air, taip dronai",11 min.,Yra,,,Dronas,Nenurodyta,30 m,Visos Hover Air prekės,
241,-1.0,Hover Air,HoverAir X1 Combo Retail,,,,,,,Nėra,Ne,Taip,,Dronai,,,"0,1 x 0,1 x 0,1 m, 650 kg",,,,,89923985,1 vnt.,Hover Air,"Hover Air, taip dronai",11 min.,Yra,,,Dronas,Nenurodyta,30 m,Visos Hover Air prekės,
242,-1.0,DJI,DJI Mavic 3 Classic (CP.MA.00000555.01),,,,,,,Yra,Taip,Taip,20 Mpix,Dronai,-,,"0,265 x 0,135 x 0,185 m, 1,995 kg",,,,,61791818,1 vnt.,DJI,"DJI, taip dronai",46 min.,Nenurodyta,,,Dronas,Nuotolinio valdymo pultu,-,Visos DJI prekės,
243,-1.0,DJI,DJI Mini 2 Fly More Combo DJI Care Bundle,,,,,,,Yra,Taip,Taip,12 Mpix,Dronai,-,,"0,3 x 0,3 x 0,2 m, 0,5 kg",,,,,56559608,1 vnt.,DJI,"DJI, taip dronai",31 min.,Nenurodyta,249 g,,Dronas,Nuotolinio valdymo pultu,-,Visos DJI prekės,
244,-1.0,Hover Air,HoverAir X1 Standard,,,,,,,Nėra,Ne,Taip,,Dronai,,,"0,11 x 0,1 x 0,1 m, 450 kg",,,,,89924015,1 vnt.,Hover Air,"Hover Air, taip dronai",11 min.,Yra,,,Dronas,Nenurodyta,30 m,Visos Hover Air prekės,
